WKT,Name,OBJECTID,UKATEGORIE,UTYP1,UART,UMONAT,USTUNDE,UWOCHENTAG,STRZUSTAND,ULICHTVERH,ISTRAD,ISTPKW,ISTFUSS,ISTKRAD
"POINT (9.650680629000021 52.391183919000071)",Unfall 387 (2023) Kat:3, Licht: 1,387,3,3,5,02,07,3,,1,1,1,0,0
"POINT (9.732567265000057 52.423740712000040)",Unfall 388 (2023) Kat:3, Licht: 2,388,3,4,6,02,20,3,,2,0,1,1,0
"POINT (9.757162494000056 52.434954806000064)",Unfall 389 (2023) Kat:3, Licht: 0,389,3,2,6,02,14,3,,0,0,1,1,0
"POINT (10.257510841000055 52.439496744000053)",Unfall 390 (2023) Kat:3, Licht: 0,390,3,2,2,02,16,3,,0,0,1,0,0
"POINT (9.833833370000036 52.420843034000029)",Unfall 391 (2023) Kat:3, Licht: 2,391,3,6,3,02,20,3,,2,0,1,0,0
"POINT (9.627149687000042 52.423341705000041)",Unfall 392 (2023) Kat:3, Licht: 2,392,3,7,0,02,01,3,,2,0,1,0,0
"POINT (9.787342673000069 52.347822179000048)",Unfall 393 (2023) Kat:3, Licht: 2,393,3,6,2,02,18,3,,2,0,1,0,0
"POINT (9.736491055000045 52.546564393000040)",Unfall 394 (2023) Kat:3, Licht: 0,394,3,3,5,02,08,3,,0,0,1,0,0
"POINT (9.878042663000031 52.436027569000032)",Unfall 395 (2023) Kat:3, Licht: 2,395,3,1,8,02,20,1,,2,0,1,0,0
"POINT (9.735666094000067 52.402842960000044)",Unfall 396 (2023) Kat:3, Licht: 0,396,3,6,2,02,16,2,,0,0,1,0,0
"POINT (9.469254410000076 52.504485229000068)",Unfall 397 (2023) Kat:3, Licht: 2,397,3,3,5,02,06,2,,2,1,1,0,0
"POINT (9.731010382000022 52.454193315000055)",Unfall 398 (2023) Kat:3, Licht: 0,398,3,6,2,02,11,2,,0,0,1,0,0
"POINT (9.860115507000046 52.490136884000037)",Unfall 399 (2023) Kat:2, Licht: 0,399,2,2,5,02,11,2,,0,1,1,0,0
"POINT (9.708132338000041 52.409636132000060)",Unfall 400 (2023) Kat:3, Licht: 0,400,3,3,5,02,12,2,,0,1,0,0,0
"POINT (9.898250507000057 52.405487063000066)",Unfall 401 (2023) Kat:3, Licht: 0,401,3,6,2,02,14,5,,0,0,1,0,0
"POINT (9.735561525000037 52.394504018000077)",Unfall 402 (2023) Kat:3, Licht: 1,402,3,6,2,02,20,1,,1,0,1,0,0
"POINT (9.463086498000052 52.346789799000078)",Unfall 403 (2023) Kat:3, Licht: 2,403,3,1,4,02,21,1,,2,0,1,0,0
"POINT (9.756184457000074 52.352841519000037)",Unfall 404 (2023) Kat:3, Licht: 0,404,3,6,2,02,10,7,,0,0,1,0,0
"POINT (9.667902828000024 52.341959367000072)",Unfall 405 (2023) Kat:3, Licht: 2,405,3,2,5,02,19,7,,2,0,1,0,0
"POINT (9.973120288000075 52.385614275000080)",Unfall 406 (2023) Kat:3, Licht: 0,406,3,6,4,02,13,7,,0,1,0,0,0
"POINT (9.790460953000036 52.519243933000041)",Unfall 407 (2023) Kat:2, Licht: 0,407,2,3,5,02,10,7,,0,1,1,0,0
"POINT (9.652356248000046 52.409899269000050)",Unfall 408 (2023) Kat:3, Licht: 2,408,3,6,2,02,18,7,,2,0,1,0,0
"POINT (9.728107398000077 52.374079802000040)",Unfall 409 (2023) Kat:3, Licht: 2,409,3,2,4,02,00,7,,2,0,1,0,0
"POINT (9.744721811000034 52.367489851000073)",Unfall 410 (2023) Kat:3, Licht: 2,410,3,2,5,02,06,3,,2,1,1,0,0
"POINT (9.705379913000058 52.418164942000033)",Unfall 411 (2023) Kat:3, Licht: 0,411,3,6,2,02,12,6,,0,0,1,0,0
"POINT (9.998061277000033 52.387586177000060)",Unfall 412 (2023) Kat:3, Licht: 0,412,3,6,2,02,14,6,,0,0,1,0,0
"POINT (9.758885811000027 52.370315953000045)",Unfall 413 (2023) Kat:3, Licht: 0,413,3,3,5,02,08,6,,0,1,1,0,0
"POINT (9.467360335000023 52.332678898000040)",Unfall 414 (2023) Kat:3, Licht: 0,414,3,6,2,02,11,2,,0,0,1,0,0
"POINT (9.580733676000023 52.418015712000056)",Unfall 415 (2023) Kat:3, Licht: 0,415,3,6,2,02,13,4,,0,0,1,0,0
"POINT (9.772871330000044 52.342923008000071)",Unfall 416 (2023) Kat:3, Licht: 2,416,3,6,3,02,17,7,,2,0,1,0,0
"POINT (9.804899773000045 52.337892151000062)",Unfall 417 (2023) Kat:3, Licht: 0,417,3,6,2,02,13,5,,0,0,1,0,0
"POINT (9.699465722000070 52.347354936000045)",Unfall 418 (2023) Kat:3, Licht: 0,418,3,2,2,02,15,5,,0,0,1,0,0
"POINT (9.323458722000055 52.405837304000045)",Unfall 419 (2023) Kat:2, Licht: 2,419,2,1,8,02,21,5,,2,0,1,0,0
"POINT (9.665065205000076 52.339006974000029)",Unfall 420 (2023) Kat:3, Licht: 0,420,3,3,5,02,14,5,,0,1,1,0,0
"POINT (9.464967475000037 52.514143214000057)",Unfall 421 (2023) Kat:3, Licht: 1,421,3,3,5,02,07,5,,1,1,1,0,0
"POINT (9.631328043000053 52.505871100000036)",Unfall 422 (2023) Kat:3, Licht: 0,422,3,3,5,02,11,5,,0,0,1,0,0
"POINT (9.792718603000026 52.393649230000051)",Unfall 423 (2023) Kat:3, Licht: 2,423,3,6,2,02,23,5,,2,0,1,0,0
"POINT (9.733992184000044 52.368886194000027)",Unfall 424 (2023) Kat:3, Licht: 2,424,3,2,5,02,18,5,,2,0,1,0,0
"POINT (9.813816384000063 52.365134908000073)",Unfall 425 (2023) Kat:3, Licht: 0,425,3,7,0,02,13,5,,0,0,1,0,1
"POINT (9.753098998000041 52.369971355000075)",Unfall 426 (2023) Kat:3, Licht: 2,426,3,6,3,05,22,7,,2,1,0,0,0
"POINT (9.733537063000028 52.419331633000070)",Unfall 427 (2023) Kat:3, Licht: 0,427,3,7,0,05,22,7,,0,1,0,0,0
"POINT (9.427394970000023 52.428849471000035)",Unfall 428 (2023) Kat:3, Licht: 0,428,3,2,5,05,11,7,,0,0,1,0,0
"POINT (9.573314234000065 52.423602634000076)",Unfall 429 (2023) Kat:3, Licht: 0,429,3,3,5,05,17,7,,0,0,1,0,1
"POINT (9.599971714000048 52.462863934000040)",Unfall 430 (2023) Kat:3, Licht: 2,430,3,5,1,05,21,7,,2,1,1,0,0
"POINT (9.434514874000058 52.421549936000076)",Unfall 431 (2023) Kat:2, Licht: 0,431,2,3,5,05,12,7,,0,0,1,0,1
"POINT (9.745304479000026 52.367260558000055)",Unfall 432 (2023) Kat:2, Licht: 0,432,2,6,3,05,10,7,,0,0,1,0,1
"POINT (9.779172944000038 52.327693333000070)",Unfall 433 (2023) Kat:3, Licht: 0,433,3,7,0,05,19,6,,0,0,0,0,0
"POINT (9.748557060000053 52.523771324000052)",Unfall 434 (2023) Kat:3, Licht: 0,434,3,3,5,05,18,6,,0,0,0,0,0
"POINT (9.899624870000025 52.313972331000059)",Unfall 435 (2023) Kat:3, Licht: 0,435,3,7,3,05,18,6,,0,0,1,0,0
"POINT (9.782188073000043 52.325117949000060)",Unfall 436 (2023) Kat:3, Licht: 0,436,3,2,5,05,16,6,,0,1,1,0,0
"POINT (9.724757675000035 52.376890771000035)",Unfall 437 (2023) Kat:3, Licht: 0,437,3,6,3,05,11,5,,0,0,1,0,0
"POINT (9.777308092000055 52.343769614000053)",Unfall 438 (2023) Kat:3, Licht: 0,438,3,1,1,05,10,5,,0,0,1,0,0
"POINT (9.836428240000032 52.397352834000060)",Unfall 439 (2023) Kat:3, Licht: 0,439,3,7,6,05,16,4,,0,1,0,1,0
"POINT (9.695470832000069 52.361347382000076)",Unfall 440 (2023) Kat:3, Licht: 0,440,3,3,5,05,13,4,,0,1,0,0,0
"POINT (9.754038474000026 52.228628436000065)",Unfall 441 (2023) Kat:3, Licht: 0,441,3,6,2,05,08,4,,0,0,1,0,0
"POINT (9.722443566000038 52.454789251000079)",Unfall 442 (2023) Kat:3, Licht: 0,442,3,7,2,05,15,4,,0,0,1,0,0
"POINT (9.430057767000051 52.425735675000055)",Unfall 443 (2023) Kat:2, Licht: 0,443,2,7,6,05,13,4,,0,0,0,1,0
"POINT (9.818712458000050 52.294909241000028)",Unfall 444 (2023) Kat:3, Licht: 0,444,3,2,4,05,15,3,,0,0,1,0,0
"POINT (9.646507108000037 52.399200479000058)",Unfall 445 (2023) Kat:3, Licht: 0,445,3,3,5,05,07,3,,0,1,1,0,0
"POINT (9.640558481000028 52.288945636000051)",Unfall 446 (2023) Kat:3, Licht: 0,446,3,2,5,05,13,3,,0,1,1,0,0
"POINT (9.609297612000034 52.438537345000043)",Unfall 447 (2023) Kat:3, Licht: 0,447,3,7,8,05,18,3,,0,0,1,0,0
"POINT (9.691846197000075 52.518383944000050)",Unfall 448 (2023) Kat:3, Licht: 0,448,3,6,4,05,13,3,,0,0,1,0,0
"POINT (9.738223495000057 52.463992726000072)",Unfall 449 (2023) Kat:3, Licht: 0,449,3,3,0,05,17,3,,0,1,1,0,0
"POINT (9.694689131000075 52.337483208000037)",Unfall 450 (2023) Kat:3, Licht: 0,450,3,2,5,05,14,3,,0,0,1,0,0
"POINT (9.487596369000073 52.494837791000066)",Unfall 451 (2023) Kat:3, Licht: 0,451,3,3,5,05,17,7,,0,0,1,0,0
"POINT (9.775586772000054 52.330041642000026)",Unfall 452 (2023) Kat:3, Licht: 0,452,3,3,5,05,07,2,,0,1,1,0,0
"POINT (9.994454824000059 52.445751363000056)",Unfall 453 (2023) Kat:3, Licht: 0,453,3,6,2,05,16,2,,0,0,1,0,0
"POINT (9.743297949000066 52.338380277000056)",Unfall 454 (2023) Kat:3, Licht: 0,454,3,6,2,05,13,2,,0,0,1,0,0
"POINT (9.830216722000046 52.385451037000053)",Unfall 455 (2023) Kat:3, Licht: 0,455,3,2,2,05,10,2,,0,0,1,0,0
"POINT (10.168413148000070 52.433537298000033)",Unfall 456 (2023) Kat:3, Licht: 0,456,3,6,8,05,11,1,,0,0,1,0,0
"POINT (9.460726494000028 52.450286466000080)",Unfall 457 (2023) Kat:2, Licht: 0,457,2,6,4,05,18,1,,0,0,1,0,1
"POINT (9.615038463000076 52.316246593000074)",Unfall 458 (2023) Kat:3, Licht: 0,458,3,6,6,05,13,7,,0,1,0,1,0
"POINT (9.448803120000036 52.436463734000029)",Unfall 459 (2023) Kat:3, Licht: 1,459,3,1,8,05,20,7,,1,0,0,0,1
"POINT (9.895214972000076 52.291853386000071)",Unfall 460 (2023) Kat:3, Licht: 0,460,3,6,2,05,09,7,,0,0,1,0,0
"POINT (9.654775920000077 52.407649406000075)",Unfall 461 (2023) Kat:3, Licht: 0,461,3,6,2,05,11,5,,0,0,1,0,0
"POINT (9.734013884000035 52.415754124000046)",Unfall 462 (2023) Kat:3, Licht: 0,462,3,1,0,05,15,6,,0,1,0,0,0
"POINT (9.461336927000048 52.468322214000068)",Unfall 463 (2023) Kat:3, Licht: 0,463,3,2,2,05,19,6,,0,0,1,0,0
"POINT (9.716567937000036 52.440806695000049)",Unfall 464 (2023) Kat:3, Licht: 0,464,3,6,2,05,15,6,,0,0,1,0,0
"POINT (9.648852354000041 52.412337111000056)",Unfall 465 (2023) Kat:3, Licht: 0,465,3,6,2,05,16,5,,0,0,1,0,1
"POINT (9.976645908000023 52.316195582000034)",Unfall 466 (2023) Kat:3, Licht: 0,466,3,6,2,05,13,5,,0,0,1,0,0
"POINT (9.641076795000060 52.422744078000051)",Unfall 467 (2023) Kat:3, Licht: 0,467,3,6,2,05,15,5,,0,0,1,0,0
"POINT (9.478640600000062 52.419907234000050)",Unfall 468 (2023) Kat:2, Licht: 2,468,2,6,2,05,21,2,,2,0,1,0,1
"POINT (9.652040557000021 52.410012012000038)",Unfall 469 (2023) Kat:3, Licht: 0,469,3,6,2,05,07,4,,0,0,1,0,0
"POINT (9.734853229000066 52.392640728000060)",Unfall 470 (2023) Kat:3, Licht: 0,470,3,4,6,05,19,4,,0,1,0,1,0
"POINT (9.855683036000073 52.389235459000076)",Unfall 471 (2023) Kat:3, Licht: 0,471,3,2,5,05,18,4,,0,1,1,0,0
"POINT (9.697328771000059 52.377908317000049)",Unfall 472 (2023) Kat:3, Licht: 0,472,3,6,2,05,07,4,,0,0,1,0,0
"POINT (9.848001615000044 52.329892882000081)",Unfall 473 (2023) Kat:3, Licht: 2,473,3,3,5,05,20,4,,2,1,1,0,0
"POINT (9.646461542000054 52.172200048000036)",Unfall 474 (2023) Kat:3, Licht: 0,474,3,7,0,05,16,4,,0,0,1,0,0
"POINT (9.556554132000031 52.202239657000064)",Unfall 475 (2023) Kat:3, Licht: 0,475,3,3,5,05,17,4,,0,0,1,0,0
"POINT (9.608523419000051 52.392530821000037)",Unfall 476 (2023) Kat:3, Licht: 0,476,3,6,6,05,07,4,,0,1,0,1,0
"POINT (9.547682736000070 52.314317855000070)",Unfall 477 (2023) Kat:3, Licht: 0,477,3,6,3,05,18,4,,0,0,1,0,0
"POINT (9.820909211000071 52.511085756000057)",Unfall 478 (2023) Kat:3, Licht: 0,478,3,6,2,05,14,4,,0,0,1,0,0
"POINT (9.595558556000071 52.148980151000046)",Unfall 479 (2023) Kat:2, Licht: 0,479,2,1,8,05,16,4,,0,0,0,0,1
"POINT (9.505950085000052 52.407032846000050)",Unfall 480 (2023) Kat:3, Licht: 0,480,3,6,2,05,08,4,,0,0,1,0,0
"POINT (9.818809968000039 52.288863747000050)",Unfall 481 (2023) Kat:3, Licht: 0,481,3,3,0,05,16,4,,0,0,1,0,1
"POINT (9.768875091000041 52.338103378000028)",Unfall 482 (2023) Kat:3, Licht: 0,482,3,3,5,05,10,4,,0,0,1,0,0
"POINT (9.837617995000073 52.336081765000074)",Unfall 483 (2023) Kat:3, Licht: 0,483,3,7,0,05,14,4,,0,1,0,0,0
"POINT (9.650087935000045 52.391138133000027)",Unfall 484 (2023) Kat:3, Licht: 0,484,3,6,2,05,08,3,,0,0,1,0,0
"POINT (9.551129218000028 52.362672442000076)",Unfall 485 (2023) Kat:3, Licht: 0,485,3,3,5,05,07,3,,0,0,1,0,0
"POINT (9.476749551000069 52.503701258000035)",Unfall 486 (2023) Kat:3, Licht: 0,486,3,6,2,05,16,3,,0,0,1,0,0
"POINT (9.696056070000054 52.380091836000076)",Unfall 487 (2023) Kat:3, Licht: 0,487,3,6,2,05,18,3,,0,0,1,0,0
"POINT (9.667631816000039 52.384077191000074)",Unfall 488 (2023) Kat:3, Licht: 0,488,3,4,6,05,18,2,,0,0,1,1,0
"POINT (9.437178647000053 52.419299982000041)",Unfall 489 (2023) Kat:3, Licht: 0,489,3,7,5,05,13,2,,0,1,1,0,0
"POINT (9.737150170000064 52.244616724000082)",Unfall 490 (2023) Kat:3, Licht: 2,490,3,1,8,05,04,2,,2,1,0,0,0
"POINT (9.819706458000041 52.406203740000080)",Unfall 491 (2023) Kat:3, Licht: 0,491,3,6,2,05,13,2,,0,0,1,0,0
"POINT (9.904328679000059 52.275603634000049)",Unfall 492 (2023) Kat:3, Licht: 0,492,3,3,5,05,11,2,,0,0,1,0,0
"POINT (9.757471115000044 52.341048988000068)",Unfall 493 (2023) Kat:3, Licht: 0,493,3,6,2,04,12,1,,0,0,1,0,0
"POINT (9.726424164000036 52.365873140000076)",Unfall 494 (2023) Kat:3, Licht: 2,494,3,6,2,04,22,1,,2,0,1,0,0
"POINT (9.355602291000025 52.445086968000055)",Unfall 495 (2023) Kat:3, Licht: 0,495,3,6,2,04,15,1,,0,0,1,0,0
"POINT (9.616477061000069 52.256398086000047)",Unfall 496 (2023) Kat:3, Licht: 0,496,3,3,5,04,15,1,,0,0,1,0,0
"POINT (9.762432164000074 52.585872113000050)",Unfall 497 (2023) Kat:3, Licht: 0,497,3,6,2,04,11,1,,0,0,1,0,0
"POINT (9.733972228000027 52.368890651000072)",Unfall 498 (2023) Kat:2, Licht: 0,498,2,2,4,04,19,1,,0,0,1,0,1
"POINT (9.647206935000042 52.413552741000046)",Unfall 499 (2023) Kat:3, Licht: 2,499,3,3,5,04,01,7,,2,0,1,0,0
"POINT (9.619013059000054 52.375896869000030)",Unfall 500 (2023) Kat:3, Licht: 0,500,3,1,9,04,14,7,,0,0,1,0,0
"POINT (9.745766829000047 52.209324040000070)",Unfall 501 (2023) Kat:3, Licht: 0,501,3,3,5,04,17,7,,0,0,1,0,0
"POINT (9.723482073000071 52.628473594000070)",Unfall 502 (2023) Kat:3, Licht: 0,502,3,6,2,04,14,6,,0,0,1,0,0
"POINT (9.869571916000041 52.360578539000073)",Unfall 503 (2023) Kat:3, Licht: 1,503,3,6,2,04,05,6,,1,0,1,0,0
"POINT (9.419030766000049 52.429264496000030)",Unfall 504 (2023) Kat:3, Licht: 0,504,3,3,5,04,16,6,,0,1,1,0,0
"POINT (9.795287725000037 52.349131168000042)",Unfall 505 (2023) Kat:3, Licht: 0,505,3,6,2,04,06,6,,0,0,1,0,0
"POINT (9.471955725000043 52.385085123000067)",Unfall 506 (2023) Kat:3, Licht: 2,506,3,7,3,04,01,6,,2,0,1,0,0
"POINT (9.861893547000022 52.381332277000070)",Unfall 507 (2023) Kat:3, Licht: 0,507,3,3,5,05,15,5,,0,0,1,0,0
"POINT (9.799512918000062 52.370907690000081)",Unfall 508 (2023) Kat:3, Licht: 0,508,3,3,5,04,16,5,,0,1,0,0,0
"POINT (9.859151663000034 52.386644378000028)",Unfall 509 (2023) Kat:3, Licht: 0,509,3,6,2,04,14,5,,0,0,1,0,0
"POINT (9.793667761000052 52.394776355000033)",Unfall 510 (2023) Kat:3, Licht: 0,510,3,2,5,04,16,5,,0,0,1,0,0
"POINT (9.492542735000029 52.415611744000046)",Unfall 511 (2023) Kat:3, Licht: 0,511,3,6,2,04,10,5,,0,0,1,0,0
"POINT (9.516631475000054 52.472353323000050)",Unfall 512 (2023) Kat:3, Licht: 2,512,3,7,9,04,04,5,,2,0,1,0,0
"POINT (10.058690904000059 52.495780327000034)",Unfall 513 (2023) Kat:2, Licht: 0,513,2,3,5,04,13,5,,0,1,1,0,0
"POINT (9.669773265000060 52.433545447000029)",Unfall 514 (2023) Kat:3, Licht: 0,514,3,6,2,04,16,5,,0,0,1,0,0
"POINT (9.511643667000044 52.410279246000073)",Unfall 515 (2023) Kat:3, Licht: 0,515,3,6,2,04,06,5,,0,0,1,0,0
"POINT (9.720521146000067 52.368108669000037)",Unfall 516 (2023) Kat:3, Licht: 0,516,3,4,6,04,17,5,,0,1,0,1,0
"POINT (9.743095518000075 52.368278052000051)",Unfall 517 (2023) Kat:3, Licht: 0,517,3,3,5,05,11,3,,0,1,1,0,0
"POINT (9.420699755000044 52.445506844000079)",Unfall 518 (2023) Kat:3, Licht: 0,518,3,6,2,04,16,4,,0,0,1,0,0
"POINT (9.468763845000069 52.425994398000057)",Unfall 519 (2023) Kat:3, Licht: 0,519,3,3,5,04,10,4,,0,1,0,0,1
"POINT (9.621262016000060 52.315748777000067)",Unfall 520 (2023) Kat:3, Licht: 0,520,3,3,0,04,13,4,,0,1,1,0,0
"POINT (9.744833619000076 52.369027727000059)",Unfall 521 (2023) Kat:3, Licht: 0,521,3,6,2,04,17,3,,0,0,1,0,0
"POINT (9.782097989000022 52.325278542000035)",Unfall 522 (2023) Kat:3, Licht: 0,522,3,6,3,04,17,3,,0,0,1,0,0
"POINT (9.761304224000071 52.278242096000042)",Unfall 523 (2023) Kat:3, Licht: 0,523,3,3,5,04,10,3,,0,0,1,0,1
"POINT (10.113956808000069 52.354388450000044)",Unfall 524 (2023) Kat:3, Licht: 1,524,3,7,0,04,20,2,,1,0,0,0,0
"POINT (9.759130741000035 52.433669070000064)",Unfall 525 (2023) Kat:3, Licht: 0,525,3,2,5,04,10,2,,0,1,1,0,0
"POINT (9.699385338000070 52.442362359000072)",Unfall 526 (2023) Kat:3, Licht: 0,526,3,6,2,04,17,2,,0,0,1,0,0
"POINT (9.984875955000064 52.460013816000071)",Unfall 527 (2023) Kat:3, Licht: 0,527,3,6,2,04,17,2,,0,0,1,0,0
"POINT (9.897581853000077 52.395763929000054)",Unfall 528 (2023) Kat:2, Licht: 0,528,2,6,2,04,16,2,,0,0,1,0,0
"POINT (9.628489902000069 52.284143729000050)",Unfall 529 (2023) Kat:2, Licht: 0,529,2,6,8,04,17,2,,0,0,1,0,1
"POINT (9.734418464000044 52.388201985000080)",Unfall 530 (2023) Kat:3, Licht: 0,530,3,4,6,04,19,2,,0,0,1,1,0
"POINT (9.827281047000042 52.356037972000081)",Unfall 531 (2023) Kat:3, Licht: 2,531,3,3,5,04,21,2,,2,0,1,0,1
"POINT (9.732121305000021 52.369106920000036)",Unfall 532 (2023) Kat:3, Licht: 0,532,3,6,3,05,09,3,,0,1,0,0,0
"POINT (9.771421585000041 52.371069368000065)",Unfall 533 (2023) Kat:3, Licht: 0,533,3,2,5,04,14,2,,0,0,1,0,0
"POINT (9.640811166000049 52.174731922000035)",Unfall 534 (2023) Kat:3, Licht: 0,534,3,7,9,04,09,2,,0,0,1,0,0
"POINT (9.626845052000021 52.423402545000044)",Unfall 535 (2023) Kat:3, Licht: 2,535,3,6,2,04,22,1,,2,0,1,0,0
"POINT (9.718235197000070 52.394317680000029)",Unfall 536 (2023) Kat:3, Licht: 0,536,3,2,5,04,17,1,,0,1,1,0,0
"POINT (9.725311687000044 52.376497180000058)",Unfall 537 (2023) Kat:3, Licht: 0,537,3,7,0,04,15,1,,0,0,1,0,1
"POINT (9.802916370000048 52.274748183000042)",Unfall 538 (2023) Kat:3, Licht: 1,538,3,1,9,04,05,1,,1,0,1,0,0
"POINT (9.764296987000023 52.508338819000073)",Unfall 539 (2023) Kat:3, Licht: 0,539,3,7,7,04,09,1,,0,0,1,0,0
"POINT (9.949134076000064 52.476479570000038)",Unfall 540 (2023) Kat:3, Licht: 2,540,3,7,8,05,22,3,,2,0,1,0,0
"POINT (9.447327292000068 52.529615756000055)",Unfall 541 (2023) Kat:1, Licht: 2,541,1,3,5,04,04,1,,2,0,1,0,0
"POINT (9.735066408000023 52.393613606000031)",Unfall 542 (2023) Kat:3, Licht: 0,542,3,6,2,04,17,7,,0,0,1,0,0
"POINT (9.728366597000047 52.374103296000044)",Unfall 543 (2023) Kat:3, Licht: 2,543,3,2,5,04,22,7,,2,1,1,0,0
"POINT (9.698479432000056 52.375345351000078)",Unfall 544 (2023) Kat:3, Licht: 2,544,3,1,0,04,21,7,,2,1,0,0,0
"POINT (9.771295743000053 52.334921797000050)",Unfall 545 (2023) Kat:3, Licht: 0,545,3,2,5,04,19,7,,0,0,1,0,0
"POINT (10.113223173000051 52.352710974000047)",Unfall 546 (2023) Kat:3, Licht: 0,546,3,7,7,04,15,7,,0,1,0,0,0
"POINT (9.770163641000067 52.580503435000026)",Unfall 547 (2023) Kat:3, Licht: 0,547,3,6,2,04,12,7,,0,0,1,0,0
"POINT (9.734273813000073 52.387151164000045)",Unfall 548 (2023) Kat:3, Licht: 2,548,3,3,5,04,04,7,,2,0,1,0,0
"POINT (9.789130502000035 52.560742902000072)",Unfall 549 (2023) Kat:3, Licht: 0,549,3,6,2,05,10,7,,0,0,1,0,0
"POINT (9.654654203000064 52.407857976000059)",Unfall 550 (2023) Kat:3, Licht: 0,550,3,3,5,04,18,6,,0,0,1,0,0
"POINT (9.852006377000066 52.389881189000050)",Unfall 551 (2023) Kat:2, Licht: 0,551,2,4,6,04,15,6,,0,0,1,1,0
"POINT (9.862883049000061 52.379815807000057)",Unfall 552 (2023) Kat:3, Licht: 0,552,3,3,5,04,11,6,,0,0,1,0,1
"POINT (9.697299244000021 52.361590667000030)",Unfall 553 (2023) Kat:3, Licht: 0,553,3,3,5,04,09,6,,0,1,0,0,0
"POINT (9.884677016000069 52.298567252000055)",Unfall 554 (2023) Kat:2, Licht: 0,554,2,7,7,04,10,6,,0,0,1,0,0
"POINT (9.846994069000061 52.274698757000067)",Unfall 555 (2023) Kat:2, Licht: 0,555,2,6,2,04,15,6,,0,0,1,0,1
"POINT (10.248400948000040 52.488537390000033)",Unfall 556 (2023) Kat:2, Licht: 0,556,2,1,9,04,17,6,,0,0,1,0,0
"POINT (9.800406432000045 52.542206275000069)",Unfall 557 (2023) Kat:3, Licht: 0,557,3,6,2,04,12,6,,0,0,1,0,0
"POINT (9.694697419000022 52.419572167000069)",Unfall 558 (2023) Kat:3, Licht: 2,558,3,2,4,04,21,6,,2,0,1,0,0
"POINT (9.742913893000036 52.368443839000065)",Unfall 559 (2023) Kat:3, Licht: 2,559,3,3,5,04,23,6,,2,0,1,0,0
"POINT (9.818812973000036 52.288755925000032)",Unfall 560 (2023) Kat:3, Licht: 0,560,3,1,0,04,14,6,,0,1,0,0,0
"POINT (9.543419501000074 52.561994463000076)",Unfall 561 (2023) Kat:3, Licht: 0,561,3,6,6,04,10,5,,0,1,0,1,0
"POINT (10.117548643000021 52.363557966000030)",Unfall 562 (2023) Kat:3, Licht: 1,562,3,7,2,04,06,5,,1,0,1,0,0
"POINT (9.668893851000064 52.358120013000075)",Unfall 563 (2023) Kat:3, Licht: 1,563,3,3,5,05,05,6,,1,1,1,0,0
"POINT (9.776636315000076 52.332859066000026)",Unfall 564 (2023) Kat:3, Licht: 2,564,3,3,5,04,20,4,,2,1,1,0,0
"POINT (9.459930209000049 52.306963039000038)",Unfall 565 (2023) Kat:3, Licht: 0,565,3,3,5,04,11,4,,0,0,1,0,0
"POINT (9.732124825000028 52.427983508000068)",Unfall 566 (2023) Kat:3, Licht: 0,566,3,6,2,04,14,4,,0,0,1,0,0
"POINT (9.822946494000064 52.407849265000038)",Unfall 567 (2023) Kat:3, Licht: 0,567,3,6,2,04,07,4,,0,0,0,0,0
"POINT (9.881026678000069 52.300928472000066)",Unfall 568 (2023) Kat:2, Licht: 0,568,2,7,8,04,18,6,,0,0,1,0,0
"POINT (9.734565989000032 52.411519831000078)",Unfall 569 (2023) Kat:3, Licht: 0,569,3,6,2,04,17,3,,0,0,1,0,0
"POINT (9.380942565000055 52.417882512000062)",Unfall 570 (2023) Kat:3, Licht: 2,570,3,3,5,04,22,3,,2,0,1,0,0
"POINT (9.463171730000056 52.513215335000041)",Unfall 571 (2023) Kat:3, Licht: 0,571,3,6,2,04,07,3,,0,0,1,0,0
"POINT (9.990446551000048 52.368660102000035)",Unfall 572 (2023) Kat:3, Licht: 2,572,3,2,4,04,04,3,,2,0,1,0,0
"POINT (9.891490669000063 52.398038102000044)",Unfall 573 (2023) Kat:3, Licht: 0,573,3,6,2,04,11,3,,0,0,1,0,0
"POINT (9.582543694000037 52.460453256000051)",Unfall 574 (2023) Kat:3, Licht: 0,574,3,3,5,05,17,4,,0,0,1,0,1
"POINT (9.734901844000035 52.391498344000070)",Unfall 575 (2023) Kat:3, Licht: 0,575,3,2,5,05,15,4,,0,0,1,0,0
"POINT (9.745472965000033 52.369053491000045)",Unfall 576 (2023) Kat:3, Licht: 0,576,3,3,0,04,20,2,,0,1,0,0,0
"POINT (9.698666320000029 52.347568094000053)",Unfall 577 (2023) Kat:3, Licht: 0,577,3,2,5,04,14,2,,0,0,1,0,1
"POINT (9.603307824000069 52.461819304000073)",Unfall 578 (2023) Kat:3, Licht: 0,578,3,3,5,04,16,2,,0,0,1,0,0