WKT,Name,OBJECTID,UKATEGORIE,UTYP1,UART,UMONAT,USTUNDE,UWOCHENTAG,STRZUSTAND,ULICHTVERH,ISTRAD,ISTPKW,ISTFUSS,ISTKRAD
"POINT (9.733831137000038 52.469686642000056)",Unfall 1718 (2023) Kat:3, Licht: 0,1718,3,3,5,10,08,3,,0,1,1,0,0
"POINT (10.228332394000063 52.433017038000060)",Unfall 1719 (2023) Kat:3, Licht: 0,1719,3,5,0,10,16,3,,0,0,1,0,0
"POINT (9.976631883000039 52.442987670000036)",Unfall 1720 (2023) Kat:3, Licht: 0,1720,3,2,5,10,16,3,,0,1,1,0,0
"POINT (9.815016873000047 52.313136501000031)",Unfall 1721 (2023) Kat:3, Licht: 1,1721,3,1,8,10,17,3,,1,0,1,0,0
"POINT (9.724811123000052 52.376853686000061)",Unfall 1722 (2023) Kat:2, Licht: 0,1722,2,3,5,10,11,3,,0,0,1,0,0
"POINT (9.723041414000022 52.356958403000078)",Unfall 1723 (2023) Kat:1, Licht: 2,1723,1,1,8,10,00,3,,2,0,1,0,0
"POINT (9.771437151000043 52.370872525000038)",Unfall 1724 (2023) Kat:3, Licht: 2,1724,3,2,4,10,19,3,,2,0,0,0,0
"POINT (9.694941847000052 52.380654053000058)",Unfall 1725 (2023) Kat:3, Licht: 0,1725,3,6,2,10,16,2,,0,0,1,0,0
"POINT (9.642588455000066 52.414640920000068)",Unfall 1726 (2023) Kat:3, Licht: 0,1726,3,6,2,10,08,2,,0,0,1,0,0
"POINT (9.624577241000054 52.424857593000070)",Unfall 1727 (2023) Kat:3, Licht: 0,1727,3,6,2,10,07,2,,0,0,1,0,0
"POINT (9.800691732000075 52.406539075000069)",Unfall 1728 (2023) Kat:3, Licht: 0,1728,3,6,0,10,12,2,,0,0,1,0,0
"POINT (9.402177420000044 52.427358799000046)",Unfall 1729 (2023) Kat:3, Licht: 0,1729,3,6,2,10,08,2,,0,0,1,0,0
"POINT (9.775930710000068 52.270437429000026)",Unfall 1730 (2023) Kat:3, Licht: 2,1730,3,1,9,10,19,2,,2,0,1,0,0
"POINT (9.484044014000062 52.530388487000039)",Unfall 1731 (2023) Kat:3, Licht: 0,1731,3,1,9,10,14,2,,0,0,0,0,0
"POINT (9.507992279000064 52.286829888000057)",Unfall 1732 (2023) Kat:3, Licht: 0,1732,3,1,0,10,07,2,,0,1,0,0,0
"POINT (9.606685417000051 52.449381358000039)",Unfall 1733 (2023) Kat:3, Licht: 0,1733,3,3,5,10,10,2,,0,0,1,0,0
"POINT (10.111564514000065 52.378897054000049)",Unfall 1734 (2023) Kat:3, Licht: 2,1734,3,7,8,10,07,2,,2,0,1,0,0
"POINT (9.881405101000041 52.435739941000065)",Unfall 1735 (2023) Kat:3, Licht: 1,1735,3,3,5,10,17,2,,1,0,1,0,0
"POINT (9.898709356000040 52.487829737000027)",Unfall 1736 (2023) Kat:3, Licht: 0,1736,3,2,2,10,19,2,,0,0,1,0,0
"POINT (9.888958406000029 52.425927451000064)",Unfall 1737 (2023) Kat:3, Licht: 0,1737,3,1,9,10,16,2,,0,0,1,0,0
"POINT (9.728829276000056 52.373047620000079)",Unfall 1738 (2023) Kat:3, Licht: 0,1738,3,1,0,10,13,2,,0,1,0,0,0
"POINT (9.731222097000057 52.382598301000030)",Unfall 1739 (2023) Kat:3, Licht: 0,1739,3,6,2,10,09,2,,0,0,1,0,0
"POINT (9.841554499000040 52.269156912000028)",Unfall 1740 (2023) Kat:3, Licht: 1,1740,3,6,4,10,19,1,,1,0,1,0,0
"POINT (9.653370187000064 52.319054867000034)",Unfall 1741 (2023) Kat:3, Licht: 2,1741,3,1,0,10,01,1,,2,0,0,0,0
"POINT (9.763553914000056 52.453268222000077)",Unfall 1742 (2023) Kat:3, Licht: 0,1742,3,2,3,10,17,1,,0,1,0,0,0
"POINT (10.069106189000024 52.450107943000035)",Unfall 1743 (2023) Kat:3, Licht: 0,1743,3,2,5,10,09,1,,0,0,1,0,0
"POINT (9.782756933000030 52.361509465000040)",Unfall 1744 (2023) Kat:3, Licht: 0,1744,3,6,3,10,15,1,,0,0,1,0,0
"POINT (9.439827916000070 52.364530562000027)",Unfall 1745 (2023) Kat:3, Licht: 0,1745,3,6,2,10,13,1,,0,0,1,0,0
"POINT (9.722869467000066 52.459700844000054)",Unfall 1746 (2023) Kat:3, Licht: 0,1746,3,7,3,10,10,1,,0,0,1,0,0
"POINT (9.762831862000041 52.344425460000082)",Unfall 1747 (2023) Kat:3, Licht: 2,1747,3,3,5,10,18,1,,2,1,1,0,0
"POINT (9.752102147000073 52.369673245000058)",Unfall 1748 (2023) Kat:3, Licht: 0,1748,3,6,2,10,13,6,,0,0,1,0,0
"POINT (9.457143216000077 52.502434137000080)",Unfall 1749 (2023) Kat:3, Licht: 0,1749,3,6,2,10,17,6,,0,0,1,0,0
"POINT (9.686463195000044 52.554019764000032)",Unfall 1750 (2023) Kat:3, Licht: 0,1750,3,4,6,10,12,6,,0,0,1,1,0
"POINT (10.124915668000028 52.371727639000028)",Unfall 1751 (2023) Kat:3, Licht: 1,1751,3,6,2,10,19,6,,1,0,1,0,0
"POINT (9.859624994000058 52.473718592000068)",Unfall 1752 (2023) Kat:3, Licht: 0,1752,3,7,0,10,11,6,,0,0,0,0,1
"POINT (9.739691176000065 52.298761524000042)",Unfall 1753 (2023) Kat:3, Licht: 0,1753,3,1,8,10,14,4,,0,1,0,0,0
"POINT (9.827066809000030 52.342953252000029)",Unfall 1754 (2023) Kat:3, Licht: 0,1754,3,7,0,10,11,5,,0,1,0,0,0
"POINT (9.821772240000030 52.352831192000053)",Unfall 1755 (2023) Kat:3, Licht: 0,1755,3,6,2,10,08,5,,0,0,1,0,0
"POINT (9.717893626000034 52.307135447000064)",Unfall 1756 (2023) Kat:3, Licht: 1,1756,3,6,2,10,18,5,,1,0,1,0,0
"POINT (9.463063032000036 52.513215915000046)",Unfall 1757 (2023) Kat:3, Licht: 0,1757,3,6,2,10,11,5,,0,0,1,0,0
"POINT (9.743191157000069 52.547438915000043)",Unfall 1758 (2023) Kat:3, Licht: 0,1758,3,3,5,10,11,5,,0,1,1,0,0
"POINT (9.756952399000056 52.351387963000036)",Unfall 1759 (2023) Kat:2, Licht: 0,1759,2,4,6,10,12,5,,0,0,0,1,0
"POINT (10.103290827000023 52.364300384000046)",Unfall 1760 (2023) Kat:3, Licht: 0,1760,3,6,2,10,07,5,,0,0,1,0,0
"POINT (9.536571014000060 52.483841203000054)",Unfall 1761 (2023) Kat:3, Licht: 0,1761,3,1,8,10,13,4,,0,0,1,0,0
"POINT (9.732003379000048 52.383417082000051)",Unfall 1762 (2023) Kat:3, Licht: 0,1762,3,6,2,10,14,5,,0,0,1,0,0
"POINT (9.648930451000069 52.412444603000040)",Unfall 1763 (2023) Kat:3, Licht: 0,1763,3,6,2,10,13,4,,0,0,1,0,0
"POINT (9.816785246000052 52.409082853000029)",Unfall 1764 (2023) Kat:3, Licht: 0,1764,3,4,6,10,16,4,,0,0,1,1,0
"POINT (9.765170103000059 52.341955519000066)",Unfall 1765 (2023) Kat:3, Licht: 0,1765,3,7,0,10,09,4,,0,1,0,0,0
"POINT (9.586310727000068 52.582973592000030)",Unfall 1766 (2023) Kat:3, Licht: 0,1766,3,6,2,10,15,4,,0,0,1,0,0
"POINT (9.442456292000031 52.504535243000078)",Unfall 1767 (2023) Kat:3, Licht: 0,1767,3,1,0,10,16,4,,0,1,0,0,0
"POINT (9.459917212000050 52.306853303000082)",Unfall 1768 (2023) Kat:3, Licht: 0,1768,3,6,0,10,13,4,,0,0,1,0,1
"POINT (9.750079039000070 52.360687156000040)",Unfall 1769 (2023) Kat:3, Licht: 2,1769,3,7,0,10,02,4,,2,0,0,0,0
"POINT (10.101104763000023 52.479076867000060)",Unfall 1770 (2023) Kat:3, Licht: 0,1770,3,6,2,10,15,3,,0,0,1,0,0
"POINT (9.714576320000049 52.366569174000063)",Unfall 1771 (2023) Kat:3, Licht: 2,1771,3,1,0,10,01,3,,2,0,0,0,0
"POINT (9.829720366000060 52.360963329000072)",Unfall 1772 (2023) Kat:2, Licht: 0,1772,2,7,0,10,16,5,,0,1,0,0,0
"POINT (9.729578943000035 52.382021573000031)",Unfall 1773 (2023) Kat:3, Licht: 0,1773,3,1,0,10,17,2,,0,0,0,0,0
"POINT (9.781622956000035 52.195928777000063)",Unfall 1774 (2023) Kat:3, Licht: 0,1774,3,3,0,10,15,2,,0,1,1,0,0
"POINT (10.004520248000063 52.315805059000070)",Unfall 1775 (2023) Kat:2, Licht: 1,1775,2,3,5,10,18,2,,1,1,1,0,0
"POINT (9.897472864000065 52.358694046000039)",Unfall 1776 (2023) Kat:3, Licht: 0,1776,3,1,9,10,15,2,,0,0,1,0,0
"POINT (9.727146125000047 52.381157692000045)",Unfall 1777 (2023) Kat:2, Licht: 0,1777,2,3,5,10,11,2,,0,1,1,0,0
"POINT (9.936748684000065 52.445743055000037)",Unfall 1778 (2023) Kat:3, Licht: 0,1778,3,1,8,10,11,5,,0,0,1,0,0
"POINT (9.718948818000058 52.346639271000072)",Unfall 1779 (2023) Kat:3, Licht: 0,1779,3,6,2,10,17,1,,0,0,0,0,1
"POINT (9.761309784000048 52.346524470000077)",Unfall 1780 (2023) Kat:3, Licht: 0,1780,3,1,0,10,16,1,,0,1,0,0,0
"POINT (10.062264472000038 52.370665001000077)",Unfall 1781 (2023) Kat:3, Licht: 2,1781,3,6,3,10,19,1,,2,0,1,0,0
"POINT (9.663566112000069 52.154610937000029)",Unfall 1782 (2023) Kat:3, Licht: 0,1782,3,3,0,09,10,7,,0,0,1,0,0
"POINT (9.646788685000047 52.397463044000062)",Unfall 1783 (2023) Kat:3, Licht: 0,1783,3,7,6,09,12,7,,0,0,1,1,0
"POINT (9.737290338000037 52.319544900000039)",Unfall 1784 (2023) Kat:3, Licht: 0,1784,3,6,4,09,16,7,,0,0,1,0,0
"POINT (9.565024621000020 52.448809549000032)",Unfall 1785 (2023) Kat:3, Licht: 1,1785,3,7,0,09,19,7,,1,1,0,0,0
"POINT (9.732934470000032 52.436193184000047)",Unfall 1786 (2023) Kat:3, Licht: 0,1786,3,2,3,09,12,7,,0,1,0,0,0
"POINT (10.009892018000073 52.463821522000046)",Unfall 1787 (2023) Kat:3, Licht: 1,1787,3,6,4,09,19,7,,1,0,1,0,0
"POINT (9.907644156000060 52.494891491000033)",Unfall 1788 (2023) Kat:2, Licht: 2,1788,2,2,2,09,19,7,,2,0,1,0,1
"POINT (9.446718505000035 52.369693225000049)",Unfall 1789 (2023) Kat:3, Licht: 0,1789,3,6,2,09,09,7,,0,0,1,0,0
"POINT (9.720208129000071 52.391725865000069)",Unfall 1790 (2023) Kat:3, Licht: 0,1790,3,2,2,09,13,6,,0,1,1,0,0
"POINT (9.826304251000067 52.341406569000071)",Unfall 1791 (2023) Kat:3, Licht: 0,1791,3,3,5,09,13,6,,0,1,1,0,0
"POINT (9.448702190000063 52.439199865000035)",Unfall 1792 (2023) Kat:3, Licht: 0,1792,3,3,5,09,12,6,,0,0,1,0,0
"POINT (9.464951570000039 52.408032343000059)",Unfall 1793 (2023) Kat:3, Licht: 0,1793,3,2,2,09,11,6,,0,0,1,0,0
"POINT (9.592256255000052 52.403968208000038)",Unfall 1794 (2023) Kat:3, Licht: 0,1794,3,7,0,09,13,6,,0,1,0,0,0
"POINT (9.741901308000024 52.299488598000039)",Unfall 1795 (2023) Kat:3, Licht: 0,1795,3,7,0,09,14,6,,0,1,0,0,0
"POINT (9.706737843000042 52.419382611000060)",Unfall 1796 (2023) Kat:3, Licht: 0,1796,3,7,0,10,09,5,,0,1,0,0,0
"POINT (9.574065784000027 52.421656577000078)",Unfall 1797 (2023) Kat:3, Licht: 0,1797,3,3,5,09,11,6,,0,0,1,0,0
"POINT (9.751525299000036 52.528745487000037)",Unfall 1798 (2023) Kat:3, Licht: 0,1798,3,3,5,09,09,6,,0,1,1,0,0
"POINT (9.759445133000042 52.452926825000077)",Unfall 1799 (2023) Kat:3, Licht: 0,1799,3,2,5,09,08,6,,0,1,1,0,0
"POINT (10.228352461000043 52.468319407000081)",Unfall 1800 (2023) Kat:3, Licht: 0,1800,3,1,9,09,09,6,,0,0,0,0,1
"POINT (10.013057078000031 52.446306232000040)",Unfall 1801 (2023) Kat:3, Licht: 0,1801,3,2,5,09,07,6,,0,1,1,0,0
"POINT (9.990141430000051 52.460422508000079)",Unfall 1802 (2023) Kat:3, Licht: 0,1802,3,6,2,09,13,6,,0,0,1,0,0
"POINT (9.796383572000025 52.538353582000070)",Unfall 1803 (2023) Kat:3, Licht: 1,1803,3,7,9,10,17,1,,1,0,1,0,0
"POINT (9.446712206000029 52.369689118000053)",Unfall 1804 (2023) Kat:3, Licht: 0,1804,3,6,2,09,14,6,,0,0,1,0,0
"POINT (9.762371087000076 52.585915982000074)",Unfall 1805 (2023) Kat:3, Licht: 0,1805,3,6,2,09,12,6,,0,0,1,0,0
"POINT (9.725928161000070 52.376446357000077)",Unfall 1806 (2023) Kat:3, Licht: 1,1806,3,6,2,09,18,6,,1,0,1,0,0
"POINT (9.735908355000049 52.395977152000057)",Unfall 1807 (2023) Kat:3, Licht: 1,1807,3,2,5,09,06,6,,1,1,1,0,0
"POINT (9.355532970000070 52.452224595000075)",Unfall 1808 (2023) Kat:3, Licht: 0,1808,3,1,0,10,14,5,,0,0,0,0,1
"POINT (9.899509954000052 52.387634547000062)",Unfall 1809 (2023) Kat:3, Licht: 0,1809,3,6,3,10,15,1,,0,0,1,0,0
"POINT (9.501803810000069 52.169462222000050)",Unfall 1810 (2023) Kat:3, Licht: 2,1810,3,7,0,10,21,7,,2,0,1,0,0
"POINT (9.977663719000077 52.375223516000062)",Unfall 1811 (2023) Kat:3, Licht: 0,1811,3,6,4,09,14,5,,0,1,0,0,0
"POINT (9.808038819000046 52.398159093000061)",Unfall 1812 (2023) Kat:3, Licht: 0,1812,3,6,2,09,13,5,,0,0,1,0,0
"POINT (9.785744499000032 52.319846466000058)",Unfall 1813 (2023) Kat:3, Licht: 1,1813,3,6,1,09,06,4,,1,0,1,0,0
"POINT (9.578310008000074 52.366680890000055)",Unfall 1814 (2023) Kat:3, Licht: 0,1814,3,3,5,09,15,4,,0,1,1,0,0
"POINT (9.453562585000043 52.446453165000037)",Unfall 1815 (2023) Kat:3, Licht: 0,1815,3,3,5,10,16,1,,0,1,1,0,0
"POINT (9.697731005000037 52.377154513000050)",Unfall 1816 (2023) Kat:3, Licht: 0,1816,3,6,2,09,17,4,,0,0,1,0,0
"POINT (9.600284716000033 52.435131382000066)",Unfall 1817 (2023) Kat:3, Licht: 2,1817,3,6,2,09,01,4,,2,0,1,0,0
"POINT (9.754457559000059 52.436403141000028)",Unfall 1818 (2023) Kat:3, Licht: 0,1818,3,6,2,09,15,4,,0,0,1,0,0
"POINT (9.881393803000037 52.435594381000044)",Unfall 1819 (2023) Kat:3, Licht: 0,1819,3,6,2,09,16,4,,0,0,1,0,0
"POINT (9.423509484000022 52.379876546000048)",Unfall 1820 (2023) Kat:2, Licht: 2,1820,2,2,2,09,05,4,,2,1,1,0,0
"POINT (9.762201975000039 52.370533080000030)",Unfall 1821 (2023) Kat:3, Licht: 0,1821,3,6,0,09,18,4,,0,0,0,0,0
"POINT (9.561164830000052 52.205269315000066)",Unfall 1822 (2023) Kat:3, Licht: 1,1822,3,6,2,10,07,5,,1,0,1,0,0
"POINT (9.683755340000062 52.428890426000066)",Unfall 1823 (2023) Kat:3, Licht: 0,1823,3,6,2,09,14,3,,0,0,0,0,1
"POINT (9.607420587000036 52.309173508000072)",Unfall 1824 (2023) Kat:3, Licht: 0,1824,3,1,0,09,09,3,,0,1,0,0,0
"POINT (9.457222692000073 52.503277628000035)",Unfall 1825 (2023) Kat:3, Licht: 0,1825,3,7,0,09,12,3,,0,0,0,0,1
"POINT (9.618867166000030 52.526028340000039)",Unfall 1826 (2023) Kat:3, Licht: 0,1826,3,6,2,09,13,3,,0,0,1,0,1
"POINT (9.970872256000064 52.372975035000081)",Unfall 1827 (2023) Kat:3, Licht: 0,1827,3,2,5,09,15,3,,0,1,1,0,0
"POINT (9.791330516000073 52.430160460000081)",Unfall 1828 (2023) Kat:3, Licht: 0,1828,3,6,2,09,15,3,,0,0,1,0,0
"POINT (9.798134980000043 52.412853191000067)",Unfall 1829 (2023) Kat:3, Licht: 0,1829,3,2,5,09,13,3,,0,0,0,0,1
"POINT (9.793286874000046 52.393671411000071)",Unfall 1830 (2023) Kat:3, Licht: 0,1830,3,2,3,09,12,3,,0,0,1,0,0
"POINT (9.734058923000021 52.387318457000049)",Unfall 1831 (2023) Kat:3, Licht: 0,1831,3,3,5,09,15,3,,0,0,1,0,0
"POINT (9.722058569000069 52.362503408000066)",Unfall 1832 (2023) Kat:3, Licht: 0,1832,3,2,5,09,09,3,,0,0,1,0,0
"POINT (9.406185333000053 52.410495243000071)",Unfall 1833 (2023) Kat:3, Licht: 2,1833,3,1,8,10,03,1,,2,0,1,0,0
"POINT (9.865345294000065 52.434468789000050)",Unfall 1834 (2023) Kat:3, Licht: 0,1834,3,1,8,10,09,6,,0,0,1,0,0
"POINT (9.706246394000061 52.423982769000077)",Unfall 1835 (2023) Kat:3, Licht: 2,1835,3,1,0,09,22,2,,2,1,0,0,0
"POINT (9.706586983000022 52.411469103000059)",Unfall 1836 (2023) Kat:3, Licht: 0,1836,3,5,6,09,12,2,,0,1,0,1,0
"POINT (9.680246403000069 52.227886872000056)",Unfall 1837 (2023) Kat:3, Licht: 0,1837,3,1,0,09,13,2,,0,1,0,0,0
"POINT (9.626245274000041 52.394129328000076)",Unfall 1838 (2023) Kat:3, Licht: 0,1838,3,6,6,09,14,2,,0,0,1,1,0
"POINT (9.756939743000032 52.317938869000045)",Unfall 1839 (2023) Kat:3, Licht: 0,1839,3,6,0,09,16,2,,0,1,0,0,0
"POINT (9.757126905000064 52.319634527000062)",Unfall 1840 (2023) Kat:3, Licht: 0,1840,3,3,5,09,14,2,,0,1,1,0,0
"POINT (9.606263803000047 52.316024485000071)",Unfall 1841 (2023) Kat:3, Licht: 1,1841,3,7,0,09,19,2,,1,0,0,0,0
"POINT (9.699092339000060 52.442402339000068)",Unfall 1842 (2023) Kat:3, Licht: 0,1842,3,2,4,09,13,2,,0,0,1,0,0
"POINT (9.672095411000043 52.171162748000029)",Unfall 1843 (2023) Kat:2, Licht: 0,1843,2,2,4,09,15,2,,0,0,1,0,1
"POINT (9.808542946000046 52.337260292000053)",Unfall 1844 (2023) Kat:3, Licht: 0,1844,3,3,5,09,18,2,,0,0,1,0,1
"POINT (9.642314556000031 52.422981938000078)",Unfall 1845 (2023) Kat:3, Licht: 0,1845,3,6,2,10,08,5,,0,0,1,0,0
"POINT (9.455771302000073 52.426090321000061)",Unfall 1846 (2023) Kat:3, Licht: 0,1846,3,1,2,10,16,3,,0,0,1,0,0
"POINT (9.714846303000058 52.398453853000035)",Unfall 1847 (2023) Kat:3, Licht: 2,1847,3,6,2,10,19,7,,2,0,1,0,0
"POINT (9.816490476000070 52.409135070000048)",Unfall 1848 (2023) Kat:3, Licht: 0,1848,3,7,0,09,17,1,,0,0,0,0,0
"POINT (9.746466349000059 52.212320889000068)",Unfall 1849 (2023) Kat:2, Licht: 0,1849,2,2,3,09,10,1,,0,0,0,0,1
"POINT (9.642168758000025 52.414603153000030)",Unfall 1850 (2023) Kat:3, Licht: 2,1850,3,2,5,09,20,1,,2,0,1,0,0
"POINT (9.630367824000075 52.263457497000047)",Unfall 1851 (2023) Kat:3, Licht: 0,1851,3,2,6,09,07,7,,0,0,1,1,0
"POINT (9.646096595000074 52.405844895000030)",Unfall 1852 (2023) Kat:3, Licht: 0,1852,3,1,5,09,15,6,,0,1,1,0,0
"POINT (9.589548749000073 52.439079207000077)",Unfall 1853 (2023) Kat:3, Licht: 0,1853,3,6,2,09,10,6,,0,0,1,0,0
"POINT (9.741909848000034 52.459921077000047)",Unfall 1854 (2023) Kat:3, Licht: 0,1854,3,3,5,09,11,6,,0,1,0,0,0
"POINT (9.771246034000058 52.370861688000048)",Unfall 1855 (2023) Kat:3, Licht: 0,1855,3,6,4,09,09,5,,0,1,0,0,0
"POINT (9.717789942000024 52.395556630000044)",Unfall 1856 (2023) Kat:3, Licht: 0,1856,3,7,1,09,11,5,,0,0,1,0,0
"POINT (9.884465025000054 52.358885709000049)",Unfall 1857 (2023) Kat:3, Licht: 0,1857,3,6,2,09,14,5,,0,0,1,0,0
"POINT (9.720113744000059 52.367887938000081)",Unfall 1858 (2023) Kat:3, Licht: 0,1858,3,6,3,09,14,5,,0,1,0,0,0
"POINT (9.799097256000039 52.410757695000029)",Unfall 1859 (2023) Kat:3, Licht: 0,1859,3,6,2,09,15,5,,0,0,1,0,0
"POINT (9.592938995000054 52.211047201000042)",Unfall 1860 (2023) Kat:3, Licht: 2,1860,3,1,8,09,22,5,,2,0,1,0,0
"POINT (9.976654220000057 52.369925469000066)",Unfall 1861 (2023) Kat:3, Licht: 0,1861,3,2,3,09,14,5,,0,1,1,0,0
"POINT (9.798283874000049 52.454395007000073)",Unfall 1862 (2023) Kat:3, Licht: 0,1862,3,6,2,09,16,5,,0,0,1,0,0
"POINT (10.197883444000070 52.454654326000082)",Unfall 1863 (2023) Kat:3, Licht: 0,1863,3,1,0,09,14,5,,0,0,0,0,1
"POINT (9.965683950000027 52.390121827000030)",Unfall 1864 (2023) Kat:3, Licht: 0,1864,3,6,2,09,09,5,,0,0,1,0,0
"POINT (9.800093506000053 52.444255661000057)",Unfall 1865 (2023) Kat:3, Licht: 0,1865,3,3,5,09,12,5,,0,0,1,0,0
"POINT (9.565548353000054 52.298771990000034)",Unfall 1866 (2023) Kat:3, Licht: 2,1866,3,4,6,09,19,5,,2,0,1,1,0
"POINT (9.643999438000037 52.507460250000065)",Unfall 1867 (2023) Kat:2, Licht: 0,1867,2,4,6,10,14,2,,0,0,0,1,0
"POINT (9.735308236000037 52.394793544000038)",Unfall 1868 (2023) Kat:3, Licht: 0,1868,3,2,5,10,14,2,,0,1,1,0,0
"POINT (9.861021994000055 52.358357702000035)",Unfall 1869 (2023) Kat:3, Licht: 2,1869,3,3,5,10,18,6,,2,0,1,0,1
"POINT (9.459687723000059 52.426244585000063)",Unfall 1870 (2023) Kat:3, Licht: 2,1870,3,1,8,10,03,1,,2,0,1,0,0
"POINT (9.722618208000029 52.362589252000078)",Unfall 1871 (2023) Kat:3, Licht: 0,1871,3,7,4,09,17,4,,0,1,1,0,0
"POINT (9.723545051000031 52.377896101000033)",Unfall 1872 (2023) Kat:3, Licht: 2,1872,3,6,1,09,21,4,,2,0,1,0,0
"POINT (9.774109892000070 52.331981720000044)",Unfall 1873 (2023) Kat:3, Licht: 0,1873,3,2,3,09,18,4,,0,1,1,0,0
"POINT (9.423350638000045 52.429399377000038)",Unfall 1874 (2023) Kat:3, Licht: 0,1874,3,3,5,09,16,4,,0,1,1,0,0
"POINT (9.773216022000042 52.247768336000036)",Unfall 1875 (2023) Kat:3, Licht: 2,1875,3,7,5,09,22,4,,2,0,1,0,0
"POINT (9.600738859000046 52.322148757000036)",Unfall 1876 (2023) Kat:3, Licht: 0,1876,3,3,5,09,06,4,,0,1,1,0,0
"POINT (9.515246859000058 52.280133215000035)",Unfall 1877 (2023) Kat:2, Licht: 0,1877,2,3,5,09,17,4,,0,1,1,0,0
"POINT (9.671973379000065 52.441411597000069)",Unfall 1878 (2023) Kat:3, Licht: 0,1878,3,6,2,09,16,4,,0,0,1,0,0
"POINT (9.914263172000062 52.512665350000077)",Unfall 1879 (2023) Kat:3, Licht: 0,1879,3,2,3,09,17,4,,0,1,1,0,0
"POINT (9.744625307000035 52.498303951000082)",Unfall 1880 (2023) Kat:3, Licht: 0,1880,3,6,2,09,12,4,,0,0,1,0,0
"POINT (9.502345540000022 52.404974357000071)",Unfall 1881 (2023) Kat:3, Licht: 0,1881,3,6,2,09,07,4,,0,0,1,0,0
"POINT (9.781670661000021 52.424843029000044)",Unfall 1882 (2023) Kat:3, Licht: 2,1882,3,2,5,09,22,4,,2,1,1,0,0
"POINT (9.719311131000040 52.633676937000075)",Unfall 1883 (2023) Kat:3, Licht: 2,1883,3,6,3,10,06,4,,2,0,1,0,0
"POINT (9.663417222000021 52.315875263000066)",Unfall 1884 (2023) Kat:3, Licht: 0,1884,3,3,5,10,12,1,,0,1,0,0,0
"POINT (9.722407541000052 52.378515234000076)",Unfall 1885 (2023) Kat:3, Licht: 0,1885,3,2,5,10,06,4,,0,1,1,0,0
"POINT (9.810439615000064 52.337438058000032)",Unfall 1886 (2023) Kat:3, Licht: 0,1886,3,7,0,09,10,3,,0,1,0,0,0
"POINT (9.493262372000061 52.415267582000070)",Unfall 1887 (2023) Kat:3, Licht: 0,1887,3,6,2,09,17,3,,0,0,1,0,0
"POINT (9.294298482000045 52.490922514000033)",Unfall 1888 (2023) Kat:3, Licht: 2,1888,3,3,5,09,19,3,,2,0,1,0,0
"POINT (9.593559979000077 52.437636468000051)",Unfall 1889 (2023) Kat:3, Licht: 0,1889,3,3,5,09,07,3,,0,1,1,0,0
"POINT (9.510882787000071 52.409847615000047)",Unfall 1890 (2023) Kat:3, Licht: 0,1890,3,6,2,09,08,3,,0,0,1,0,0
"POINT (9.757332667000071 52.370224471000029)",Unfall 1891 (2023) Kat:2, Licht: 2,1891,2,3,5,09,20,3,,2,1,0,0,1
"POINT (9.648276733000046 52.412921698000048)",Unfall 1892 (2023) Kat:3, Licht: 0,1892,3,3,5,09,15,2,,0,0,1,0,0
"POINT (9.798362043000054 52.420461196000076)",Unfall 1893 (2023) Kat:3, Licht: 0,1893,3,3,5,09,07,2,,0,1,0,0,0
"POINT (9.728170255000066 52.292851506000034)",Unfall 1894 (2023) Kat:3, Licht: 0,1894,3,6,2,09,18,2,,0,0,1,0,0
"POINT (9.665053565000051 52.338964873000066)",Unfall 1895 (2023) Kat:3, Licht: 0,1895,3,2,5,09,11,2,,0,1,1,0,0
"POINT (9.743169580000028 52.368330331000038)",Unfall 1896 (2023) Kat:3, Licht: 0,1896,3,3,5,09,16,2,,0,1,1,0,0
"POINT (9.798265552000032 52.316672564000044)",Unfall 1897 (2023) Kat:2, Licht: 0,1897,2,3,5,09,10,2,,0,0,1,0,0
"POINT (9.684676471000046 52.379746032000071)",Unfall 1898 (2023) Kat:3, Licht: 2,1898,3,1,0,09,06,2,,2,1,0,0,0
"POINT (9.626981478000062 52.423312331000034)",Unfall 1899 (2023) Kat:3, Licht: 0,1899,3,7,8,09,17,1,,0,1,0,0,0
"POINT (9.488235397000039 52.556401077000032)",Unfall 1900 (2023) Kat:3, Licht: 0,1900,3,3,5,09,10,1,,0,1,1,0,0
"POINT (9.601328031000037 52.434674091000034)",Unfall 1901 (2023) Kat:3, Licht: 2,1901,3,1,9,09,19,1,,2,1,0,0,0
"POINT (9.723015032000035 52.454039981000051)",Unfall 1902 (2023) Kat:3, Licht: 0,1902,3,2,5,09,11,1,,0,1,1,0,0
"POINT (9.801007794000043 52.342429697000057)",Unfall 1903 (2023) Kat:3, Licht: 1,1903,3,6,2,09,19,1,,1,0,1,0,1
"POINT (9.383972606000043 52.457142605000058)",Unfall 1904 (2023) Kat:2, Licht: 0,1904,2,1,0,09,14,7,,0,1,0,0,0
"POINT (9.646402133000038 52.401095814000030)",Unfall 1905 (2023) Kat:3, Licht: 0,1905,3,2,4,09,16,7,,0,1,1,0,0
"POINT (10.049483482000028 52.534917513000039)",Unfall 1906 (2023) Kat:3, Licht: 0,1906,3,7,2,09,09,7,,0,0,1,0,0