WKT,Name,OBJECTID,UKATEGORIE,UTYP1,UART,UMONAT,USTUNDE,UWOCHENTAG,STRZUSTAND,ULICHTVERH,ISTRAD,ISTPKW,ISTFUSS,ISTKRAD
"POINT (9.761204559000021 52.427156280000077)",Unfall 1907 (2023) Kat:3, Licht: 2,1907,3,7,8,09,04,7,,2,0,1,0,0
"POINT (9.751938717000030 52.358265038000070)",Unfall 1908 (2023) Kat:2, Licht: 2,1908,2,2,2,09,21,7,,2,0,1,0,1
"POINT (9.753061775000049 52.227109341000073)",Unfall 1909 (2023) Kat:2, Licht: 0,1909,2,1,0,09,14,7,,0,0,0,0,1
"POINT (9.719157867000035 52.347319700000071)",Unfall 1910 (2023) Kat:3, Licht: 0,1910,3,6,2,09,14,4,,0,0,0,0,0
"POINT (9.825281438000047 52.290491393000082)",Unfall 1911 (2023) Kat:3, Licht: 0,1911,3,1,0,09,18,6,,0,1,0,0,0
"POINT (9.857565378000061 52.358618388000082)",Unfall 1912 (2023) Kat:3, Licht: 0,1912,3,2,6,09,07,6,,0,0,1,1,0
"POINT (9.835671298000022 52.387027362000026)",Unfall 1913 (2023) Kat:3, Licht: 0,1913,3,3,5,09,18,6,,0,0,1,0,0
"POINT (9.680791681000073 52.371948246000045)",Unfall 1914 (2023) Kat:3, Licht: 1,1914,3,6,2,09,19,6,,1,0,1,0,1
"POINT (9.820028916000069 52.362438648000079)",Unfall 1915 (2023) Kat:3, Licht: 2,1915,3,3,5,09,20,6,,2,0,1,0,1
"POINT (9.630420370000024 52.330638619000069)",Unfall 1916 (2023) Kat:3, Licht: 0,1916,3,6,2,09,17,6,,0,0,0,0,1
"POINT (10.089249685000027 52.395328858000028)",Unfall 1917 (2023) Kat:3, Licht: 0,1917,3,7,7,09,07,6,,0,0,1,0,0
"POINT (10.127869915000076 52.370953510000049)",Unfall 1918 (2023) Kat:3, Licht: 0,1918,3,3,5,09,18,6,,0,1,1,0,0
"POINT (9.727224966000051 52.439051805000076)",Unfall 1919 (2023) Kat:3, Licht: 0,1919,3,2,5,09,07,6,,0,1,1,0,0
"POINT (9.647815604000073 52.414005345000078)",Unfall 1920 (2023) Kat:3, Licht: 0,1920,3,6,3,10,12,6,,0,0,1,0,0
"POINT (9.665065205000076 52.339006974000029)",Unfall 1921 (2023) Kat:2, Licht: 0,1921,2,3,5,09,15,6,,0,1,0,0,0
"POINT (9.721557731000075 52.483115936000047)",Unfall 1922 (2023) Kat:3, Licht: 0,1922,3,6,2,09,16,6,,0,0,1,0,0
"POINT (9.746293806000040 52.600409569000078)",Unfall 1923 (2023) Kat:3, Licht: 0,1923,3,6,2,09,12,6,,0,0,1,0,0
"POINT (9.972982483000067 52.315288263000070)",Unfall 1924 (2023) Kat:3, Licht: 2,1924,3,7,8,09,05,1,,2,1,0,0,0
"POINT (9.737195063000058 52.514752693000048)",Unfall 1925 (2023) Kat:2, Licht: 0,1925,2,3,5,09,09,6,,0,0,1,0,0
"POINT (9.716151703000037 52.309826986000076)",Unfall 1926 (2023) Kat:3, Licht: 0,1926,3,6,3,09,16,6,,0,0,1,0,1
"POINT (9.755972553000049 52.590763280000033)",Unfall 1927 (2023) Kat:3, Licht: 0,1927,3,6,2,09,12,7,,0,0,1,0,0
"POINT (9.734025188000032 52.387107176000029)",Unfall 1928 (2023) Kat:3, Licht: 0,1928,3,2,5,09,10,5,,0,1,1,0,0
"POINT (9.499475319000055 52.425747915000045)",Unfall 1929 (2023) Kat:3, Licht: 0,1929,3,6,4,09,18,5,,0,1,1,0,0
"POINT (9.463063032000036 52.513215915000046)",Unfall 1930 (2023) Kat:3, Licht: 0,1930,3,6,2,09,07,5,,0,0,1,0,0
"POINT (9.465039662000038 52.457764899000040)",Unfall 1931 (2023) Kat:2, Licht: 0,1931,2,6,4,09,16,5,,0,0,1,0,0
"POINT (9.740653021000071 52.299387042000035)",Unfall 1932 (2023) Kat:2, Licht: 0,1932,2,2,5,09,13,5,,0,0,1,1,0
"POINT (9.734710510000070 52.438510976000032)",Unfall 1933 (2023) Kat:3, Licht: 2,1933,3,1,0,10,20,5,,2,0,0,0,1
"POINT (9.486879496000029 52.456305623000048)",Unfall 1934 (2023) Kat:3, Licht: 0,1934,3,3,4,09,11,2,,0,0,1,0,0
"POINT (9.719966277000026 52.392027881000047)",Unfall 1935 (2023) Kat:3, Licht: 0,1935,3,7,0,09,10,5,,0,1,0,0,0
"POINT (9.647996265000074 52.414082987000029)",Unfall 1936 (2023) Kat:3, Licht: 2,1936,3,2,0,09,06,4,,2,0,1,0,0
"POINT (9.815166447000024 52.363735265000059)",Unfall 1937 (2023) Kat:3, Licht: 0,1937,3,6,4,09,08,4,,0,1,0,0,0
"POINT (9.768376183000044 52.338279823000050)",Unfall 1938 (2023) Kat:3, Licht: 0,1938,3,1,1,09,11,4,,0,1,0,0,0
"POINT (9.975160695000056 52.376548805000027)",Unfall 1939 (2023) Kat:3, Licht: 0,1939,3,6,2,09,15,4,,0,0,1,0,0
"POINT (9.968232807000049 52.367403407000040)",Unfall 1940 (2023) Kat:2, Licht: 0,1940,2,2,3,09,12,4,,0,0,1,0,0
"POINT (9.986737980000044 52.298695142000042)",Unfall 1941 (2023) Kat:3, Licht: 0,1941,3,1,8,09,06,4,,0,0,1,0,0
"POINT (9.839534290000074 52.422583310000050)",Unfall 1942 (2023) Kat:2, Licht: 0,1942,2,4,6,09,08,4,,0,0,1,1,0
"POINT (9.641938046000064 52.422909586000060)",Unfall 1943 (2023) Kat:3, Licht: 0,1943,3,6,2,09,09,4,,0,0,1,0,0
"POINT (9.839866842000049 52.489921431000027)",Unfall 1944 (2023) Kat:3, Licht: 0,1944,3,6,2,09,08,4,,0,0,1,0,0
"POINT (9.898726729000032 52.397115791000033)",Unfall 1945 (2023) Kat:3, Licht: 0,1945,3,6,3,09,12,4,,0,0,1,0,0
"POINT (9.757509080000034 52.351126104000059)",Unfall 1946 (2023) Kat:2, Licht: 0,1946,2,1,0,09,13,4,,0,1,0,0,0
"POINT (9.749040415000024 52.362024585000029)",Unfall 1947 (2023) Kat:3, Licht: 0,1947,3,7,0,09,13,3,,0,0,0,0,1
"POINT (9.647579814000039 52.413362518000042)",Unfall 1948 (2023) Kat:3, Licht: 0,1948,3,6,2,09,16,3,,0,0,1,0,0
"POINT (9.628231728000060 52.422450979000075)",Unfall 1949 (2023) Kat:3, Licht: 1,1949,3,6,2,09,05,3,,1,0,1,0,0
"POINT (9.718030445000068 52.346080170000050)",Unfall 1950 (2023) Kat:3, Licht: 0,1950,3,6,2,09,09,3,,0,0,1,0,0
"POINT (9.798355412000035 52.420438003000072)",Unfall 1951 (2023) Kat:3, Licht: 0,1951,3,2,4,09,12,3,,0,1,1,0,0
"POINT (9.808924827000055 52.337285649000080)",Unfall 1952 (2023) Kat:3, Licht: 0,1952,3,6,2,09,08,3,,0,0,1,0,0
"POINT (9.444248088000052 52.442676750000032)",Unfall 1953 (2023) Kat:3, Licht: 0,1953,3,1,4,09,08,3,,0,0,1,0,0
"POINT (9.715818193000075 52.312396357000068)",Unfall 1954 (2023) Kat:3, Licht: 0,1954,3,6,2,09,13,3,,0,0,1,0,0
"POINT (9.570883002000073 52.446623296000041)",Unfall 1955 (2023) Kat:3, Licht: 0,1955,3,3,5,09,13,3,,0,0,1,0,0
"POINT (9.815935123000031 52.303025969000032)",Unfall 1956 (2023) Kat:3, Licht: 2,1956,3,7,0,09,20,3,,2,0,0,1,0
"POINT (9.437502935000055 52.362708550000036)",Unfall 1957 (2023) Kat:3, Licht: 0,1957,3,1,8,09,10,3,,0,0,1,0,0
"POINT (9.574640603000034 52.422870658000079)",Unfall 1958 (2023) Kat:3, Licht: 0,1958,3,6,2,09,11,3,,0,0,1,0,0
"POINT (10.085543571000073 52.365868151000029)",Unfall 1959 (2023) Kat:3, Licht: 2,1959,3,7,8,09,01,3,,2,0,0,0,0
"POINT (9.848172941000030 52.494582532000038)",Unfall 1960 (2023) Kat:3, Licht: 0,1960,3,3,5,10,10,2,,0,0,1,0,0
"POINT (9.743746702000067 52.369017177000046)",Unfall 1961 (2023) Kat:3, Licht: 0,1961,3,2,5,09,13,3,,0,1,0,0,0
"POINT (9.629200260000061 52.175122868000074)",Unfall 1962 (2023) Kat:3, Licht: 0,1962,3,1,8,09,11,2,,0,0,1,0,0
"POINT (9.676062531000071 52.192335469000056)",Unfall 1963 (2023) Kat:3, Licht: 0,1963,3,1,9,09,13,4,,0,0,0,0,1
"POINT (9.456513513000061 52.495191884000064)",Unfall 1964 (2023) Kat:3, Licht: 0,1964,3,3,5,09,19,2,,0,0,1,0,0
"POINT (9.394410002000029 52.604505921000055)",Unfall 1965 (2023) Kat:3, Licht: 1,1965,3,7,7,09,06,2,,1,0,1,0,0
"POINT (9.572140344000047 52.457535199000063)",Unfall 1966 (2023) Kat:3, Licht: 0,1966,3,6,0,09,19,2,,0,1,1,0,0
"POINT (9.748289152000041 52.437319429000070)",Unfall 1967 (2023) Kat:3, Licht: 0,1967,3,6,2,09,13,2,,0,0,1,0,0
"POINT (9.689755985000033 52.430164265000030)",Unfall 1968 (2023) Kat:3, Licht: 0,1968,3,6,2,09,16,2,,0,0,1,0,0
"POINT (10.152527878000058 52.451004375000082)",Unfall 1969 (2023) Kat:2, Licht: 0,1969,2,2,5,09,09,2,,0,0,1,0,1
"POINT (9.642741178000051 52.422907620000046)",Unfall 1970 (2023) Kat:3, Licht: 0,1970,3,1,8,09,10,2,,0,0,0,0,0
"POINT (9.723480822000056 52.460053935000076)",Unfall 1971 (2023) Kat:3, Licht: 0,1971,3,1,5,09,07,2,,0,0,1,0,0
"POINT (9.743405227000039 52.368358823000051)",Unfall 1972 (2023) Kat:3, Licht: 0,1972,3,3,5,09,17,2,,0,1,0,0,0
"POINT (9.720467220000046 52.391491723000058)",Unfall 1973 (2023) Kat:3, Licht: 0,1973,3,2,5,09,17,2,,0,1,0,0,0
"POINT (9.769728082000029 52.336706604000028)",Unfall 1974 (2023) Kat:3, Licht: 0,1974,3,7,0,10,08,2,,0,1,0,0,0
"POINT (9.393110134000040 52.431267900000080)",Unfall 1975 (2023) Kat:3, Licht: 0,1975,3,2,2,09,13,1,,0,0,1,0,0
"POINT (9.519762957000069 52.175303967000048)",Unfall 1976 (2023) Kat:3, Licht: 0,1976,3,1,8,09,14,1,,0,0,0,0,1
"POINT (9.728430743000047 52.579848415000072)",Unfall 1977 (2023) Kat:3, Licht: 0,1977,3,6,0,09,12,1,,0,0,1,0,0
"POINT (10.071571510000069 52.395040365000057)",Unfall 1978 (2023) Kat:3, Licht: 2,1978,3,6,4,09,21,1,,2,1,0,0,0
"POINT (9.779471183000055 52.572980018000067)",Unfall 1979 (2023) Kat:3, Licht: 0,1979,3,6,2,09,11,1,,0,0,1,0,0
"POINT (9.818295105000061 52.292607697000051)",Unfall 1980 (2023) Kat:3, Licht: 1,1980,3,7,4,09,20,7,,1,0,1,0,0
"POINT (9.698484522000058 52.420954145000053)",Unfall 1981 (2023) Kat:3, Licht: 0,1981,3,2,4,09,15,7,,0,1,1,0,0
"POINT (9.712589010000045 52.402534456000069)",Unfall 1982 (2023) Kat:3, Licht: 1,1982,3,7,0,09,21,7,,1,0,0,0,0
"POINT (9.794001656000034 52.394026318000044)",Unfall 1983 (2023) Kat:3, Licht: 0,1983,3,6,0,09,14,7,,0,0,1,0,0
"POINT (9.625750946000039 52.394036840000069)",Unfall 1984 (2023) Kat:3, Licht: 0,1984,3,2,2,09,15,7,,0,0,1,0,0
"POINT (9.759131008000054 52.522399000000064)",Unfall 1985 (2023) Kat:3, Licht: 0,1985,3,6,0,09,17,7,,0,1,0,0,0
"POINT (9.732919944000059 52.423603117000027)",Unfall 1986 (2023) Kat:3, Licht: 0,1986,3,3,5,09,17,7,,0,0,1,1,0
"POINT (9.571144136000044 52.287524317000077)",Unfall 1987 (2023) Kat:2, Licht: 2,1987,2,1,0,09,23,7,,2,1,0,0,0
"POINT (9.798630877000051 52.431004466000047)",Unfall 1988 (2023) Kat:3, Licht: 2,1988,3,6,2,09,21,7,,2,0,1,0,0
"POINT (9.689180271000055 52.348640285000045)",Unfall 1989 (2023) Kat:2, Licht: 0,1989,2,2,5,09,18,7,,0,1,1,0,0
"POINT (9.464662560000022 52.512835101000064)",Unfall 1990 (2023) Kat:3, Licht: 0,1990,3,7,0,09,17,1,,0,1,0,0,0
"POINT (9.994705250000038 52.456656429000077)",Unfall 1991 (2023) Kat:2, Licht: 0,1991,2,7,9,09,14,7,,0,1,1,0,0
"POINT (9.884277145000055 52.398649170000056)",Unfall 1992 (2023) Kat:3, Licht: 0,1992,3,6,3,09,10,7,,0,0,1,0,0
"POINT (9.764493473000073 52.342723724000052)",Unfall 1993 (2023) Kat:3, Licht: 2,1993,3,1,8,09,03,7,,2,0,1,0,0
"POINT (9.614355495000041 52.392254814000069)",Unfall 1994 (2023) Kat:3, Licht: 2,1994,3,6,4,09,21,5,,2,0,1,0,0
"POINT (9.627300170000069 52.562647512000069)",Unfall 1995 (2023) Kat:3, Licht: 1,1995,3,7,7,09,19,3,,1,0,1,0,0
"POINT (9.796359245000076 52.312300588000028)",Unfall 1996 (2023) Kat:3, Licht: 0,1996,3,6,2,09,13,6,,0,0,1,0,0
"POINT (9.796531004000030 52.371213351000051)",Unfall 1997 (2023) Kat:3, Licht: 0,1997,3,6,0,09,08,6,,0,1,0,0,0
"POINT (9.749101519000021 52.361945630000037)",Unfall 1998 (2023) Kat:3, Licht: 0,1998,3,2,4,09,14,6,,0,1,1,0,0
"POINT (9.745034540000063 52.369035825000026)",Unfall 1999 (2023) Kat:3, Licht: 0,1999,3,2,5,09,07,6,,0,1,1,0,0
"POINT (9.813816384000063 52.365134908000073)",Unfall 2000 (2023) Kat:3, Licht: 0,2000,3,6,2,09,13,6,,0,0,1,0,0
"POINT (9.761968327000034 52.345746976000044)",Unfall 2001 (2023) Kat:3, Licht: 0,2001,3,6,2,09,14,6,,0,0,1,1,1
"POINT (9.524888146000023 52.196150830000079)",Unfall 2002 (2023) Kat:3, Licht: 0,2002,3,6,2,09,18,6,,0,0,1,0,0
"POINT (9.598773709000056 52.394589631000031)",Unfall 2003 (2023) Kat:3, Licht: 0,2003,3,6,2,09,13,6,,0,0,1,0,0
"POINT (9.467877161000047 52.462811174000080)",Unfall 2004 (2023) Kat:3, Licht: 0,2004,3,3,5,09,18,6,,0,0,1,0,1
"POINT (9.440100048000033 52.504496904000064)",Unfall 2005 (2023) Kat:2, Licht: 0,2005,2,7,7,09,14,6,,0,1,0,0,0
"POINT (9.727172069000062 52.439068158000055)",Unfall 2006 (2023) Kat:3, Licht: 0,2006,3,2,0,09,08,6,,0,1,1,0,0
"POINT (10.085827659000074 52.522942474000047)",Unfall 2007 (2023) Kat:3, Licht: 0,2007,3,1,8,09,19,6,,0,0,1,0,0
"POINT (9.746120776000055 52.600617581000051)",Unfall 2008 (2023) Kat:3, Licht: 0,2008,3,6,2,09,16,6,,0,0,1,0,0
"POINT (9.530422807000036 52.418833545000041)",Unfall 2009 (2023) Kat:3, Licht: 0,2009,3,6,2,09,17,6,,0,0,1,0,0
"POINT (9.760478170000056 52.587275551000062)",Unfall 2010 (2023) Kat:3, Licht: 0,2010,3,6,2,09,13,6,,0,0,1,0,0
"POINT (9.538199968000072 52.420435497000028)",Unfall 2011 (2023) Kat:3, Licht: 0,2011,3,6,2,09,13,6,,0,0,1,0,0
"POINT (9.722200444000066 52.453940782000075)",Unfall 2012 (2023) Kat:3, Licht: 0,2012,3,7,8,09,12,6,,0,0,0,0,0
"POINT (9.732954817000063 52.420960636000075)",Unfall 2013 (2023) Kat:3, Licht: 0,2013,3,6,2,09,17,6,,0,0,1,0,0
"POINT (9.790983114000028 52.420588495000061)",Unfall 2014 (2023) Kat:3, Licht: 0,2014,3,3,5,09,15,6,,0,1,1,0,0
"POINT (9.810681461000058 52.333444632000067)",Unfall 2015 (2023) Kat:3, Licht: 0,2015,3,1,3,09,15,5,,0,0,1,0,1
"POINT (9.653116611000030 52.551084968000055)",Unfall 2016 (2023) Kat:3, Licht: 0,2016,3,2,9,10,13,7,,0,0,1,0,0
"POINT (9.780586559000028 52.324466627000049)",Unfall 2017 (2023) Kat:3, Licht: 0,2017,3,6,2,09,08,5,,0,0,1,0,0
"POINT (9.555765200000053 52.203853357000071)",Unfall 2018 (2023) Kat:3, Licht: 0,2018,3,3,0,09,16,5,,0,0,1,0,1
"POINT (9.601311427000041 52.409437864000040)",Unfall 2019 (2023) Kat:3, Licht: 0,2019,3,6,6,09,11,5,,0,0,1,1,0
"POINT (9.944588661000068 52.333788804000051)",Unfall 2020 (2023) Kat:2, Licht: 0,2020,2,3,5,09,16,5,,0,1,1,0,0
"POINT (9.725175604000071 52.380296272000066)",Unfall 2021 (2023) Kat:2, Licht: 0,2021,2,7,0,09,15,5,,0,0,0,0,0
"POINT (9.740061671000035 52.368007796000029)",Unfall 2022 (2023) Kat:3, Licht: 2,2022,3,2,0,09,21,5,,2,1,1,0,0
"POINT (9.730148172000042 52.368697161000057)",Unfall 2023 (2023) Kat:3, Licht: 0,2023,3,3,5,09,16,5,,0,1,1,0,0
"POINT (9.762258112000040 52.336221256000044)",Unfall 2024 (2023) Kat:3, Licht: 0,2024,3,3,5,09,14,5,,0,1,1,0,0
"POINT (9.800345651000043 52.317092314000035)",Unfall 2025 (2023) Kat:3, Licht: 0,2025,3,2,5,10,09,2,,0,0,1,0,1
"POINT (9.828698024000062 52.300724449000029)",Unfall 2026 (2023) Kat:3, Licht: 1,2026,3,1,0,09,19,4,,1,0,0,0,1
"POINT (9.826076013000034 52.284552163000058)",Unfall 2027 (2023) Kat:3, Licht: 0,2027,3,3,5,09,18,4,,0,1,0,0,0
"POINT (9.702603531000022 52.414836238000078)",Unfall 2028 (2023) Kat:3, Licht: 0,2028,3,6,2,09,11,4,,0,0,1,0,0
"POINT (9.791775830000063 52.335041305000061)",Unfall 2029 (2023) Kat:3, Licht: 0,2029,3,2,4,09,16,4,,0,1,1,0,0
"POINT (9.655143744000043 52.206237434000059)",Unfall 2030 (2023) Kat:3, Licht: 0,2030,3,7,7,09,10,4,,0,1,0,0,0
"POINT (9.596460022000031 52.394889441000032)",Unfall 2031 (2023) Kat:3, Licht: 0,2031,3,3,5,09,15,4,,0,1,1,0,0
"POINT (9.747465490000025 52.321788144000038)",Unfall 2032 (2023) Kat:3, Licht: 1,2032,3,7,6,09,19,4,,1,0,1,1,0
"POINT (9.667937563000066 52.342093724000051)",Unfall 2033 (2023) Kat:3, Licht: 0,2033,3,1,0,09,09,4,,0,1,0,0,0
"POINT (9.964531602000022 52.315890126000056)",Unfall 2034 (2023) Kat:3, Licht: 0,2034,3,7,0,09,17,4,,0,1,0,0,0
"POINT (10.067875036000032 52.395029706000059)",Unfall 2035 (2023) Kat:2, Licht: 0,2035,2,3,5,09,10,4,,0,1,1,0,0
"POINT (9.856385559000046 52.506393793000029)",Unfall 2036 (2023) Kat:3, Licht: 0,2036,3,3,5,09,15,4,,0,0,1,0,1
"POINT (9.940801477000036 52.452827385000035)",Unfall 2037 (2023) Kat:3, Licht: 1,2037,3,7,0,09,06,4,,1,0,0,0,1
"POINT (9.640955015000031 52.171165571000074)",Unfall 2038 (2023) Kat:2, Licht: 0,2038,2,7,9,09,18,4,,0,0,1,0,0
"POINT (9.796963160000075 52.395204555000078)",Unfall 2039 (2023) Kat:3, Licht: 0,2039,3,6,2,09,17,4,,0,0,1,0,0
"POINT (9.766211391000070 52.340761101000055)",Unfall 2040 (2023) Kat:3, Licht: 2,2040,3,3,5,09,21,4,,2,1,1,0,0
"POINT (9.732961679000027 52.420894067000063)",Unfall 2041 (2023) Kat:3, Licht: 0,2041,3,3,5,10,17,4,,0,0,1,0,0
"POINT (9.801076438000052 52.342342783000049)",Unfall 2042 (2023) Kat:3, Licht: 0,2042,3,6,1,09,12,4,,0,0,1,0,0
"POINT (9.665243992000057 52.343713067000067)",Unfall 2043 (2023) Kat:3, Licht: 2,2043,3,7,6,10,21,3,,2,0,1,1,0
"POINT (9.822017905000052 52.384517146000064)",Unfall 2044 (2023) Kat:3, Licht: 0,2044,3,6,2,09,16,3,,0,0,1,0,0
"POINT (10.143191253000055 52.364587847000053)",Unfall 2045 (2023) Kat:2, Licht: 0,2045,2,1,4,10,11,6,,0,0,1,0,0
"POINT (9.847854501000029 52.392675899000039)",Unfall 2046 (2023) Kat:3, Licht: 0,2046,3,7,0,09,10,3,,0,1,0,0,0
"POINT (9.811008902000026 52.318479003000050)",Unfall 2047 (2023) Kat:3, Licht: 0,2047,3,6,3,09,09,3,,0,0,1,0,0
"POINT (9.446357575000036 52.440415322000035)",Unfall 2048 (2023) Kat:3, Licht: 0,2048,3,6,2,09,16,3,,0,0,1,0,0
"POINT (9.596483793000061 52.408744523000053)",Unfall 2049 (2023) Kat:3, Licht: 1,2049,3,6,2,09,19,3,,1,0,1,0,1
"POINT (9.757060023000065 52.548619394000070)",Unfall 2050 (2023) Kat:3, Licht: 0,2050,3,1,0,09,11,3,,0,1,0,0,0
"POINT (9.903862334000053 52.444847695000078)",Unfall 2051 (2023) Kat:3, Licht: 0,2051,3,2,4,09,15,3,,0,0,1,0,0
"POINT (9.977119993000031 52.375123337000048)",Unfall 2052 (2023) Kat:3, Licht: 0,2052,3,6,4,10,15,4,,0,1,0,0,0
"POINT (9.815127216000064 52.402372610000043)",Unfall 2053 (2023) Kat:3, Licht: 0,2053,3,6,2,09,18,3,,0,0,1,0,1
"POINT (9.862045123000030 52.381040118000044)",Unfall 2054 (2023) Kat:3, Licht: 0,2054,3,3,5,09,18,3,,0,1,1,0,0
"POINT (10.202638308000076 52.463996169000040)",Unfall 2055 (2023) Kat:3, Licht: 0,2055,3,7,0,10,17,1,,0,1,0,0,0
"POINT (9.720463021000057 52.391492125000070)",Unfall 2056 (2023) Kat:3, Licht: 0,2056,3,2,5,09,15,3,,0,1,0,0,0
"POINT (9.829788941000061 52.299911985000051)",Unfall 2057 (2023) Kat:3, Licht: 0,2057,3,6,2,09,06,3,,0,0,1,0,0
"POINT (9.574049177000063 52.421703306000040)",Unfall 2058 (2023) Kat:3, Licht: 0,2058,3,3,5,09,14,2,,0,1,1,0,0
"POINT (9.605042384000058 52.453629654000054)",Unfall 2059 (2023) Kat:3, Licht: 0,2059,3,7,4,09,16,6,,0,0,1,0,0
"POINT (9.720038905000024 52.368027892000043)",Unfall 2060 (2023) Kat:3, Licht: 0,2060,3,6,2,09,13,3,,0,0,1,0,0
"POINT (9.635265451000066 52.418122056000072)",Unfall 2061 (2023) Kat:3, Licht: 2,2061,3,6,3,12,18,1,,2,0,1,0,1
"POINT (9.696447497000065 52.379743316000031)",Unfall 2062 (2023) Kat:3, Licht: 2,2062,3,1,9,12,00,7,,2,0,1,0,0
"POINT (9.785036875000060 52.428878723000082)",Unfall 2063 (2023) Kat:3, Licht: 2,2063,3,6,3,12,18,7,,2,0,1,0,0
"POINT (9.706943726000077 52.411014765000061)",Unfall 2064 (2023) Kat:3, Licht: 2,2064,3,5,1,12,20,7,,2,0,1,0,0
"POINT (9.718157545000054 52.394524315000069)",Unfall 2065 (2023) Kat:3, Licht: 2,2065,3,7,8,12,21,6,,2,0,1,0,0
"POINT (9.858706906000066 52.407366811000031)",Unfall 2066 (2023) Kat:2, Licht: 2,2066,2,1,8,12,23,6,,2,0,1,0,0
"POINT (9.731506188000026 52.369621631000030)",Unfall 2067 (2023) Kat:3, Licht: 1,2067,3,6,2,12,17,5,,1,0,1,0,0
"POINT (9.589541756000074 52.438871524000035)",Unfall 2068 (2023) Kat:3, Licht: 2,2068,3,3,5,12,17,5,,2,0,1,0,0
"POINT (9.831948895000039 52.300027990000046)",Unfall 2069 (2023) Kat:3, Licht: 1,2069,3,1,8,12,16,5,,1,0,0,0,0
"POINT (9.697194700000068 52.376648814000077)",Unfall 2070 (2023) Kat:3, Licht: 1,2070,3,6,2,12,16,5,,1,0,1,0,0
"POINT (9.810173647000056 52.398890964000032)",Unfall 2071 (2023) Kat:3, Licht: 2,2071,3,6,2,12,21,4,,2,0,1,0,0
"POINT (9.502444890000049 52.405031091000069)",Unfall 2072 (2023) Kat:3, Licht: 2,2072,3,6,2,12,17,3,,2,0,1,0,0
"POINT (9.399950703000059 52.428650262000076)",Unfall 2073 (2023) Kat:3, Licht: 2,2073,3,1,9,12,17,2,,2,0,1,0,0
"POINT (9.692775925000035 52.266428898000072)",Unfall 2074 (2023) Kat:3, Licht: 0,2074,3,1,4,12,11,2,,0,0,1,0,0
"POINT (9.550776113000040 52.421463153000047)",Unfall 2075 (2023) Kat:3, Licht: 2,2075,3,1,8,12,22,2,,2,0,1,0,0
"POINT (9.734283848000075 52.387228583000081)",Unfall 2076 (2023) Kat:2, Licht: 2,2076,2,2,6,12,23,2,,2,0,1,1,0
"POINT (9.873274140000035 52.486644523000052)",Unfall 2077 (2023) Kat:3, Licht: 1,2077,3,1,9,12,16,1,,1,0,1,0,0
"POINT (9.545543066000050 52.310774035000065)",Unfall 2078 (2023) Kat:3, Licht: 0,2078,3,1,8,12,12,1,,0,0,0,0,1
"POINT (9.456888293000077 52.499766639000029)",Unfall 2079 (2023) Kat:3, Licht: 1,2079,3,2,6,12,08,7,,1,0,1,1,0
"POINT (9.500144283000054 52.283855695000057)",Unfall 2080 (2023) Kat:3, Licht: 2,2080,3,2,5,12,17,7,,2,0,1,0,0
"POINT (9.722450579000053 52.378492125000037)",Unfall 2081 (2023) Kat:3, Licht: 2,2081,3,2,6,12,18,7,,2,0,1,1,0
"POINT (9.733688445000041 52.368954528000074)",Unfall 2082 (2023) Kat:3, Licht: 0,2082,3,1,0,12,14,6,,0,1,0,0,0
"POINT (9.728408348000073 52.292725767000036)",Unfall 2083 (2023) Kat:3, Licht: 2,2083,3,3,5,12,19,6,,2,0,1,0,0
"POINT (9.886862500000063 52.425985787000059)",Unfall 2084 (2023) Kat:3, Licht: 2,2084,3,1,8,12,18,6,,2,0,1,0,0
"POINT (9.743224464000036 52.547515486000066)",Unfall 2085 (2023) Kat:2, Licht: 0,2085,2,4,6,12,08,6,,0,0,1,1,0
"POINT (9.693372291000060 52.420344057000079)",Unfall 2086 (2023) Kat:3, Licht: 2,2086,3,1,0,12,16,6,,2,0,0,0,1
"POINT (9.733550410000021 52.480543120000050)",Unfall 2087 (2023) Kat:3, Licht: 2,2087,3,3,5,12,22,7,,2,0,1,0,0
"POINT (9.719560602000058 52.345456708000029)",Unfall 2088 (2023) Kat:3, Licht: 0,2088,3,6,2,12,14,5,,0,0,1,0,0
"POINT (9.420905286000050 52.444395089000068)",Unfall 2089 (2023) Kat:3, Licht: 2,2089,3,5,1,12,23,5,,2,0,1,0,0
"POINT (9.470487135000042 52.301291750000075)",Unfall 2090 (2023) Kat:3, Licht: 2,2090,3,6,2,12,17,5,,2,0,1,0,0
"POINT (9.752874946000077 52.226818399000081)",Unfall 2091 (2023) Kat:2, Licht: 2,2091,2,7,4,12,22,5,,2,0,1,0,0
"POINT (9.462792572000069 52.344380383000043)",Unfall 2092 (2023) Kat:1, Licht: 2,2092,1,6,4,12,18,5,,2,0,1,0,0
"POINT (9.630997086000036 52.390402858000073)",Unfall 2093 (2023) Kat:2, Licht: 2,2093,2,7,4,12,17,5,,2,0,1,0,0
"POINT (9.404769706000025 52.331730400000026)",Unfall 2094 (2023) Kat:3, Licht: 2,2094,3,6,2,12,18,5,,2,0,1,0,0
"POINT (9.485682112000063 52.395114562000060)",Unfall 2095 (2023) Kat:3, Licht: 0,2095,3,6,2,12,08,5,,0,0,1,0,0