WKT,Name,OBJECTID,UKATEGORIE,UTYP1,UART,UMONAT,USTUNDE,UWOCHENTAG,STRZUSTAND,ULICHTVERH,ISTRAD,ISTPKW,ISTFUSS,ISTKRAD
"POINT (9.821477912000034 52.407335371000045)",Unfall 2473 (2023) Kat:3, Licht: 2,2473,3,7,0,11,20,4,,2,1,0,0,0
"POINT (9.418969268000069 52.429262440000059)",Unfall 2474 (2023) Kat:3, Licht: 2,2474,3,3,5,11,18,4,,2,1,1,0,0
"POINT (9.438868500000069 52.423151123000082)",Unfall 2475 (2023) Kat:3, Licht: 0,2475,3,3,5,11,09,4,,0,0,1,0,0
"POINT (9.455170240000029 52.306543880000049)",Unfall 2476 (2023) Kat:3, Licht: 2,2476,3,3,5,11,20,4,,2,0,1,0,0
"POINT (9.462937767000028 52.314399644000048)",Unfall 2477 (2023) Kat:3, Licht: 2,2477,3,3,0,11,17,4,,2,0,1,0,0
"POINT (9.510865962000025 52.290232533000051)",Unfall 2478 (2023) Kat:3, Licht: 0,2478,3,1,4,11,08,4,,0,0,1,0,0
"POINT (9.990198591000023 52.412484014000029)",Unfall 2479 (2023) Kat:3, Licht: 0,2479,3,7,0,11,12,2,,0,0,1,0,0
"POINT (9.825034181000035 52.404237993000038)",Unfall 2480 (2023) Kat:3, Licht: 0,2480,3,6,2,12,12,1,,0,0,1,0,0
"POINT (9.634264698000038 52.244957053000064)",Unfall 2481 (2023) Kat:3, Licht: 0,2481,3,1,9,10,14,2,,0,0,1,0,0
"POINT (9.924240376000057 52.366374478000068)",Unfall 2482 (2023) Kat:3, Licht: 0,2482,3,6,2,10,14,2,,0,0,1,0,1
"POINT (9.869132420000028 52.443108907000067)",Unfall 2483 (2023) Kat:3, Licht: 2,2483,3,7,8,10,23,2,,2,0,1,0,0
"POINT (10.017865827000037 52.437694045000057)",Unfall 2484 (2023) Kat:2, Licht: 0,2484,2,2,3,10,11,2,,0,0,1,0,0
"POINT (9.717173627000022 52.367027413000073)",Unfall 2485 (2023) Kat:3, Licht: 2,2485,3,5,1,11,01,3,,2,0,1,0,0
"POINT (9.470639570000060 52.504272863000040)",Unfall 2486 (2023) Kat:3, Licht: 1,2486,3,3,5,12,08,3,,1,1,1,0,0
"POINT (9.712542720000044 52.465120992000038)",Unfall 2487 (2023) Kat:3, Licht: 0,2487,3,1,0,10,16,1,,0,1,0,0,0
"POINT (9.732510116000071 52.438537638000071)",Unfall 2488 (2023) Kat:3, Licht: 0,2488,3,3,5,10,14,1,,0,1,1,0,0
"POINT (10.052459801000055 52.373484008000048)",Unfall 2489 (2023) Kat:3, Licht: 2,2489,3,7,2,10,06,1,,2,0,1,0,0
"POINT (9.850500484000065 52.410926840000059)",Unfall 2490 (2023) Kat:3, Licht: 2,2490,3,6,2,11,21,2,,2,0,1,0,0
"POINT (9.728016887000024 52.374497379000047)",Unfall 2491 (2023) Kat:3, Licht: 0,2491,3,3,5,10,09,2,,0,1,1,0,0
"POINT (9.820927517000030 52.294771703000038)",Unfall 2492 (2023) Kat:3, Licht: 0,2492,3,6,0,10,11,7,,0,0,1,0,0
"POINT (9.735596597000040 52.403291753000076)",Unfall 2493 (2023) Kat:3, Licht: 2,2493,3,6,2,10,21,7,,2,0,1,0,0
"POINT (9.805435488000057 52.408176407000042)",Unfall 2494 (2023) Kat:3, Licht: 0,2494,3,2,4,10,12,7,,0,1,1,0,0
"POINT (9.724436563000040 52.602293914000029)",Unfall 2495 (2023) Kat:3, Licht: 0,2495,3,6,2,10,14,7,,0,0,1,0,0
"POINT (9.684967316000041 52.517438410000068)",Unfall 2496 (2023) Kat:3, Licht: 0,2496,3,7,8,10,08,7,,0,0,0,0,0
"POINT (9.570664193000027 52.422689097000045)",Unfall 2497 (2023) Kat:3, Licht: 0,2497,3,6,3,10,16,7,,0,0,1,0,0
"POINT (9.748078239000051 52.598335126000052)",Unfall 2498 (2023) Kat:3, Licht: 0,2498,3,6,2,10,14,7,,0,0,1,0,0
"POINT (9.733899805000021 52.416630336000026)",Unfall 2499 (2023) Kat:3, Licht: 2,2499,3,2,5,10,18,7,,2,1,1,0,0
"POINT (9.813993502000073 52.401379810000037)",Unfall 2500 (2023) Kat:3, Licht: 0,2500,3,6,2,11,08,2,,0,0,1,0,0
"POINT (10.024194901000044 52.432994305000079)",Unfall 2501 (2023) Kat:3, Licht: 0,2501,3,3,5,12,15,6,,0,0,1,0,0
"POINT (9.858853430000067 52.463822929000060)",Unfall 2502 (2023) Kat:3, Licht: 0,2502,3,1,8,12,15,2,,0,0,1,0,0
"POINT (9.690953848000049 52.308524023000075)",Unfall 2503 (2023) Kat:3, Licht: 0,2503,3,7,0,11,12,3,,0,0,1,0,0
"POINT (9.827092307000044 52.298581588000047)",Unfall 2504 (2023) Kat:3, Licht: 2,2504,3,3,5,10,07,6,,2,0,1,0,0
"POINT (9.728448432000050 52.368009432000065)",Unfall 2505 (2023) Kat:3, Licht: 2,2505,3,3,5,10,18,6,,2,1,1,0,0
"POINT (9.801052160000040 52.429331173000037)",Unfall 2506 (2023) Kat:3, Licht: 1,2506,3,3,5,10,08,6,,1,1,1,0,0
"POINT (9.676496715000042 52.441101830000036)",Unfall 2507 (2023) Kat:3, Licht: 0,2507,3,6,2,10,13,6,,0,0,1,0,0
"POINT (10.031220201000053 52.523550576000048)",Unfall 2508 (2023) Kat:3, Licht: 2,2508,3,7,0,10,18,6,,2,0,1,1,0
"POINT (9.637020882000058 52.421822443000053)",Unfall 2509 (2023) Kat:3, Licht: 0,2509,3,6,2,10,16,6,,0,0,1,0,0
"POINT (9.808541212000023 52.337260178000065)",Unfall 2510 (2023) Kat:3, Licht: 0,2510,3,3,5,10,08,6,,0,0,1,0,0
"POINT (9.789811199000042 52.349145535000048)",Unfall 2511 (2023) Kat:3, Licht: 2,2511,3,6,2,12,18,6,,2,0,1,0,0
"POINT (10.196397627000067 52.460062231000052)",Unfall 2512 (2023) Kat:3, Licht: 1,2512,3,3,5,02,07,4,,1,1,1,0,0
"POINT (10.014617658000077 52.437657170000080)",Unfall 2513 (2023) Kat:3, Licht: 0,2513,3,6,2,02,14,4,,0,1,1,0,0
"POINT (9.744063636000021 52.386703728000043)",Unfall 2514 (2023) Kat:3, Licht: 0,2514,3,2,6,02,14,4,,0,0,1,1,0
"POINT (9.770246186000065 52.338457661000064)",Unfall 2515 (2023) Kat:3, Licht: 0,2515,3,4,6,02,08,4,,0,1,0,1,0
"POINT (9.731236858000045 52.391438242000049)",Unfall 2516 (2023) Kat:3, Licht: 0,2516,3,7,0,02,14,3,,0,1,0,0,0
"POINT (9.591826922000052 52.420832456000028)",Unfall 2517 (2023) Kat:3, Licht: 0,2517,3,6,2,02,11,3,,0,0,1,0,0
"POINT (9.736732062000044 52.412495386000046)",Unfall 2518 (2023) Kat:3, Licht: 0,2518,3,3,5,02,14,3,,0,0,1,0,0
"POINT (9.781569854000054 52.417689425000049)",Unfall 2519 (2023) Kat:3, Licht: 0,2519,3,3,5,02,07,3,,0,0,1,0,0
"POINT (9.754381438000053 52.352366823000068)",Unfall 2520 (2023) Kat:3, Licht: 0,2520,3,3,5,02,07,3,,0,1,1,0,0
"POINT (9.604091766000067 52.311065256000063)",Unfall 2521 (2023) Kat:3, Licht: 0,2521,3,3,5,02,15,2,,0,1,1,0,0
"POINT (9.475700405000055 52.303443646000062)",Unfall 2522 (2023) Kat:3, Licht: 2,2522,3,5,1,02,18,2,,2,0,1,0,0
"POINT (9.755685645000028 52.392648653000037)",Unfall 2523 (2023) Kat:3, Licht: 2,2523,3,3,5,02,20,1,,2,0,1,0,0
"POINT (9.749251530000038 52.266378975000066)",Unfall 2524 (2023) Kat:3, Licht: 2,2524,3,5,1,02,04,6,,2,0,1,0,1
"POINT (9.542330794000065 52.207970446000047)",Unfall 2525 (2023) Kat:3, Licht: 2,2525,3,1,5,02,18,6,,2,0,1,0,0
"POINT (9.742196370000045 52.526633634000063)",Unfall 2526 (2023) Kat:3, Licht: 2,2526,3,5,1,02,21,6,,2,1,1,0,0
"POINT (9.756720718000054 52.364954447000059)",Unfall 2527 (2023) Kat:3, Licht: 2,2527,3,3,5,02,21,6,,2,0,1,0,0
"POINT (9.804054961000077 52.377787642000044)",Unfall 2528 (2023) Kat:3, Licht: 2,2528,3,5,1,02,20,5,,2,0,1,0,0
"POINT (9.752078077000021 52.366660810000042)",Unfall 2529 (2023) Kat:3, Licht: 0,2529,3,3,5,02,15,5,,0,0,1,0,1
"POINT (9.723567030000027 52.372244988000034)",Unfall 2530 (2023) Kat:3, Licht: 2,2530,3,3,5,02,18,5,,2,0,1,0,0
"POINT (9.777232161000029 52.399040452000065)",Unfall 2531 (2023) Kat:2, Licht: 0,2531,2,5,1,02,13,5,,0,1,1,0,0
"POINT (9.980870837000055 52.376058881000063)",Unfall 2532 (2023) Kat:3, Licht: 0,2532,3,3,5,02,11,5,,0,0,1,0,0
"POINT (9.776952023000035 52.332549293000056)",Unfall 2533 (2023) Kat:2, Licht: 0,2533,2,7,0,02,13,5,,0,1,0,0,0
"POINT (9.745730301000037 52.372764289000031)",Unfall 2534 (2023) Kat:3, Licht: 0,2534,3,2,5,02,15,4,,0,0,1,0,0
"POINT (9.750854202000028 52.375587862000032)",Unfall 2535 (2023) Kat:3, Licht: 2,2535,3,2,3,02,07,4,,2,1,1,0,0
"POINT (9.799739951000049 52.328054423000026)",Unfall 2536 (2023) Kat:2, Licht: 2,2536,2,1,4,02,18,4,,2,0,1,0,0
"POINT (9.741602161000060 52.383875842000066)",Unfall 2537 (2023) Kat:3, Licht: 2,2537,3,3,5,02,17,4,,2,0,1,0,0
"POINT (9.777840270000070 52.397368981000056)",Unfall 2538 (2023) Kat:3, Licht: 2,2538,3,6,2,01,18,3,,2,0,1,0,0
"POINT (9.754205774000070 52.368560820000027)",Unfall 2539 (2023) Kat:3, Licht: 2,2539,3,3,5,01,22,2,,2,0,1,0,0
"POINT (9.727091193000035 52.370182941000053)",Unfall 2540 (2023) Kat:3, Licht: 0,2540,3,3,5,01,16,2,,0,1,1,0,0
"POINT (9.710452169000064 52.367314319000059)",Unfall 2541 (2023) Kat:3, Licht: 0,2541,3,7,0,01,10,2,,0,1,0,0,0
"POINT (9.829430625000043 52.336953852000079)",Unfall 2542 (2023) Kat:2, Licht: 0,2542,2,3,5,01,17,2,,0,0,1,0,1
"POINT (9.754486173000032 52.389731128000051)",Unfall 2543 (2023) Kat:3, Licht: 2,2543,3,2,4,01,19,1,,2,1,1,0,0
"POINT (9.690500091000047 52.346192070000029)",Unfall 2544 (2023) Kat:3, Licht: 2,2544,3,3,5,01,22,7,,2,0,1,0,0
"POINT (9.732672613000034 52.379371597000045)",Unfall 2545 (2023) Kat:3, Licht: 0,2545,3,2,5,01,16,7,,0,1,1,0,0
"POINT (9.968660766000028 52.312747598000044)",Unfall 2546 (2023) Kat:3, Licht: 0,2546,3,5,1,01,11,6,,0,1,1,0,0
"POINT (9.717109689000040 52.342112240000063)",Unfall 2547 (2023) Kat:2, Licht: 2,2547,2,4,6,01,19,6,,2,0,0,1,1
"POINT (9.775153013000022 52.363699401000076)",Unfall 2548 (2023) Kat:2, Licht: 0,2548,2,2,5,01,14,6,,0,1,1,0,0
"POINT (9.751943423000057 52.372922092000067)",Unfall 2549 (2023) Kat:3, Licht: 2,2549,3,3,5,01,07,5,,2,1,1,0,0
"POINT (9.733731401000057 52.362120648000030)",Unfall 2550 (2023) Kat:3, Licht: 2,2550,3,3,5,01,18,5,,2,0,1,0,0
"POINT (9.729547725000032 52.367161528000054)",Unfall 2551 (2023) Kat:3, Licht: 2,2551,3,7,0,01,06,5,,2,1,0,0,0
"POINT (9.777616196000054 52.331807051000055)",Unfall 2552 (2023) Kat:3, Licht: 0,2552,3,3,5,01,09,5,,0,1,1,0,0
"POINT (9.666043040000034 52.346323400000074)",Unfall 2553 (2023) Kat:3, Licht: 2,2553,3,1,0,01,06,5,,2,1,0,0,0
"POINT (9.593599642000072 52.317707008000070)",Unfall 2554 (2023) Kat:3, Licht: 1,2554,3,1,0,01,07,5,,1,1,0,0,0
"POINT (9.819789404000062 52.381678672000078)",Unfall 2555 (2023) Kat:2, Licht: 2,2555,2,1,0,01,06,5,,2,1,0,0,0
"POINT (9.721178612000074 52.379326905000028)",Unfall 2556 (2023) Kat:3, Licht: 2,2556,3,7,0,01,21,4,,2,1,0,0,0
"POINT (9.733144718000062 52.374277170000028)",Unfall 2557 (2023) Kat:3, Licht: 2,2557,3,5,3,01,17,4,,2,1,1,0,0
"POINT (9.600273801000071 52.435498810000070)",Unfall 2558 (2023) Kat:3, Licht: 2,2558,3,3,5,01,17,4,,2,1,1,0,0
"POINT (9.743821358000048 52.371109765000028)",Unfall 2559 (2023) Kat:2, Licht: 0,2559,2,2,0,01,10,4,,0,1,1,0,0
"POINT (9.701931790000060 52.398582848000046)",Unfall 2560 (2023) Kat:3, Licht: 2,2560,3,7,7,01,18,3,,2,1,0,0,0
"POINT (9.714118778000056 52.383720586000038)",Unfall 2561 (2023) Kat:3, Licht: 0,2561,3,6,4,01,09,3,,0,0,1,0,0
"POINT (9.834290907000025 52.385302261000049)",Unfall 2562 (2023) Kat:3, Licht: 2,2562,3,5,6,01,17,3,,2,0,1,1,0
"POINT (9.667408024000054 52.357698980000066)",Unfall 2563 (2023) Kat:3, Licht: 2,2563,3,6,6,01,17,3,,2,0,1,1,0
"POINT (9.899604208000028 52.401544408000063)",Unfall 2564 (2023) Kat:3, Licht: 1,2564,3,1,2,01,17,3,,1,0,1,0,0
"POINT (9.705212616000040 52.342724648000058)",Unfall 2565 (2023) Kat:3, Licht: 0,2565,3,2,4,01,09,2,,0,0,1,0,0
"POINT (9.736007380000046 52.415973147000045)",Unfall 2566 (2023) Kat:3, Licht: 0,2566,3,3,5,01,08,2,,0,0,1,0,0
"POINT (9.782529431000057 52.329127251000045)",Unfall 2567 (2023) Kat:3, Licht: 0,2567,3,2,2,01,14,2,,0,0,1,0,0
"POINT (9.732180789000040 52.547801109000034)",Unfall 2568 (2023) Kat:3, Licht: 1,2568,3,3,5,01,07,2,,1,1,1,0,0
"POINT (9.718738388000077 52.380892110000048)",Unfall 2569 (2023) Kat:3, Licht: 2,2569,3,3,5,01,17,2,,2,1,1,0,0
"POINT (9.805889486000069 52.407497618000036)",Unfall 2570 (2023) Kat:3, Licht: 2,2570,3,1,9,01,05,1,,2,0,1,0,0
"POINT (9.758743534000075 52.391603596000039)",Unfall 2571 (2023) Kat:3, Licht: 1,2571,3,6,2,01,16,1,,1,0,1,0,0
"POINT (9.734931105000044 52.371536811000055)",Unfall 2572 (2023) Kat:3, Licht: 1,2572,3,7,0,01,15,7,,1,1,0,0,0
"POINT (9.743802154000036 52.393931299000030)",Unfall 2573 (2023) Kat:3, Licht: 0,2573,3,5,1,01,10,7,,0,1,1,0,0
"POINT (9.820800755000050 52.359020131000079)",Unfall 2574 (2023) Kat:3, Licht: 1,2574,3,7,0,01,07,6,,1,1,0,0,0
"POINT (9.592289715000049 52.388205268000036)",Unfall 2575 (2023) Kat:3, Licht: 0,2575,3,3,0,01,12,6,,0,1,1,0,0
"POINT (9.512063048000073 52.402642588000049)",Unfall 2576 (2023) Kat:3, Licht: 0,2576,3,2,6,01,09,6,,0,0,1,1,0
"POINT (9.972143507000055 52.374727053000072)",Unfall 2577 (2023) Kat:3, Licht: 2,2577,3,1,0,01,05,6,,2,1,0,0,0
"POINT (9.760693087000050 52.369312841000067)",Unfall 2578 (2023) Kat:3, Licht: 0,2578,3,1,0,01,09,6,,0,1,0,0,0
"POINT (9.744292378000068 52.388890702000026)",Unfall 2579 (2023) Kat:3, Licht: 0,2579,3,5,1,01,10,6,,0,1,1,0,0
"POINT (9.794858151000028 52.346794007000028)",Unfall 2580 (2023) Kat:3, Licht: 2,2580,3,7,0,01,17,5,,2,1,0,0,0
"POINT (9.787699123000039 52.348507693000045)",Unfall 2581 (2023) Kat:3, Licht: 2,2581,3,1,0,01,17,5,,2,1,0,0,0
"POINT (9.739755211000045 52.402671604000034)",Unfall 2582 (2023) Kat:3, Licht: 0,2582,3,3,5,01,16,5,,0,0,1,0,0
"POINT (9.610603346000062 52.414602954000031)",Unfall 2583 (2023) Kat:3, Licht: 0,2583,3,6,2,01,08,5,,0,0,1,0,0
"POINT (9.967736475000038 52.471203370000069)",Unfall 2584 (2023) Kat:3, Licht: 2,2584,3,2,4,01,17,5,,2,0,1,0,0
"POINT (9.743936912000038 52.390481551000050)",Unfall 2585 (2023) Kat:3, Licht: 2,2585,3,3,5,01,04,4,,2,0,1,0,0
"POINT (9.711335926000061 52.367177186000049)",Unfall 2586 (2023) Kat:3, Licht: 0,2586,3,4,6,01,15,3,,0,1,0,1,0
"POINT (9.517626998000026 52.280663020000077)",Unfall 2587 (2023) Kat:2, Licht: 1,2587,2,2,4,01,16,3,,1,1,1,0,0
"POINT (9.466092377000052 52.316703910000058)",Unfall 2588 (2023) Kat:3, Licht: 2,2588,3,2,6,01,17,3,,2,0,1,1,0
"POINT (9.741012348000027 52.398776864000070)",Unfall 2589 (2023) Kat:3, Licht: 2,2589,3,3,5,01,06,3,,2,1,1,0,0
"POINT (9.781203935000065 52.403318394000053)",Unfall 2590 (2023) Kat:3, Licht: 0,2590,3,3,5,01,13,3,,0,0,1,0,0
"POINT (9.743747692000056 52.360483714000054)",Unfall 2591 (2023) Kat:3, Licht: 1,2591,3,3,5,01,07,3,,1,0,1,0,0
"POINT (9.597602520000066 52.417867304000026)",Unfall 2592 (2023) Kat:3, Licht: 0,2592,3,3,5,01,08,2,,0,1,1,0,0
"POINT (9.714569841000070 52.448639898000067)",Unfall 2593 (2023) Kat:3, Licht: 0,2593,3,3,5,01,15,2,,0,1,0,0,0
"POINT (9.792912288000025 52.394758286000069)",Unfall 2594 (2023) Kat:2, Licht: 0,2594,2,6,3,01,11,2,,0,0,1,0,1
"POINT (9.705820151000069 52.372245278000037)",Unfall 2595 (2023) Kat:3, Licht: 2,2595,3,6,2,01,21,2,,2,1,1,0,0
"POINT (9.759240972000043 52.410299594000037)",Unfall 2596 (2023) Kat:3, Licht: 2,2596,3,1,8,01,17,1,,2,0,1,0,0
"POINT (9.753899186000069 52.386254011000062)",Unfall 2597 (2023) Kat:3, Licht: 0,2597,3,2,5,01,10,1,,0,1,1,0,0
"POINT (9.755748897000046 52.448486182000067)",Unfall 2598 (2023) Kat:3, Licht: 0,2598,3,6,2,01,10,7,,0,0,1,0,0
"POINT (9.847957404000056 52.484573916000045)",Unfall 2599 (2023) Kat:3, Licht: 0,2599,3,6,4,01,12,7,,0,0,1,0,0
"POINT (9.805551351000076 52.337341492000064)",Unfall 2600 (2023) Kat:3, Licht: 2,2600,3,6,2,01,18,7,,2,0,1,0,0
"POINT (9.755135992000021 52.391377181000053)",Unfall 2601 (2023) Kat:3, Licht: 2,2601,3,2,6,01,18,7,,2,0,1,1,0
"POINT (9.737485299000070 52.372236759000032)",Unfall 2602 (2023) Kat:3, Licht: 0,2602,3,7,0,01,11,7,,0,1,1,0,0
"POINT (9.744416839000053 52.374445914000034)",Unfall 2603 (2023) Kat:3, Licht: 2,2603,3,2,4,01,19,6,,2,0,1,0,0
"POINT (9.755247249000035 52.344123221000075)",Unfall 2604 (2023) Kat:3, Licht: 0,2604,3,3,0,01,13,6,,0,1,1,0,0
"POINT (9.765709001000062 52.333862368000041)",Unfall 2605 (2023) Kat:3, Licht: 0,2605,3,7,0,01,08,6,,0,1,1,0,0
"POINT (9.465004975000056 52.413227582000047)",Unfall 2606 (2023) Kat:3, Licht: 2,2606,3,2,5,01,23,6,,2,1,1,0,0
"POINT (9.554410204000021 52.209763566000049)",Unfall 2607 (2023) Kat:3, Licht: 0,2607,3,6,4,01,09,6,,0,1,1,0,0
"POINT (9.608408725000061 52.436169072000041)",Unfall 2608 (2023) Kat:3, Licht: 0,2608,3,6,4,01,12,6,,0,1,0,0,0
"POINT (9.732506348000072 52.550200248000067)",Unfall 2609 (2023) Kat:3, Licht: 2,2609,3,3,5,01,18,6,,2,1,1,0,0
"POINT (9.759675904000062 52.452879978000055)",Unfall 2610 (2023) Kat:3, Licht: 2,2610,3,3,5,01,22,6,,2,0,1,0,0
"POINT (10.021103625000023 52.523983368000074)",Unfall 2611 (2023) Kat:3, Licht: 2,2611,3,3,5,01,19,6,,2,0,1,0,0
"POINT (9.970996407000030 52.372089650000078)",Unfall 2612 (2023) Kat:3, Licht: 2,2612,3,1,0,01,19,5,,2,1,0,0,0
"POINT (9.796589099000073 52.330643205000058)",Unfall 2613 (2023) Kat:3, Licht: 0,2613,3,4,0,01,13,5,,0,1,0,1,0
"POINT (9.737849337000057 52.388668418000066)",Unfall 2614 (2023) Kat:3, Licht: 0,2614,3,5,1,01,13,5,,0,1,1,0,0
"POINT (9.753839319000065 52.386147474000040)",Unfall 2615 (2023) Kat:3, Licht: 1,2615,3,2,6,01,09,5,,1,0,1,1,0
"POINT (9.743290450000075 52.325268819000030)",Unfall 2616 (2023) Kat:3, Licht: 0,2616,3,4,6,01,14,5,,0,0,1,1,0
"POINT (9.755097027000033 52.447409146000041)",Unfall 2617 (2023) Kat:3, Licht: 2,2617,3,3,5,01,20,5,,2,0,1,0,0
"POINT (9.717182628000046 52.337294430000043)",Unfall 2618 (2023) Kat:3, Licht: 2,2618,3,2,6,01,18,5,,2,0,1,1,0
"POINT (9.748350118000076 52.378374794000081)",Unfall 2619 (2023) Kat:3, Licht: 1,2619,3,1,0,01,08,5,,1,0,0,0,0
"POINT (9.684600430000046 52.393346674000043)",Unfall 2620 (2023) Kat:3, Licht: 0,2620,3,3,5,01,15,4,,0,0,0,0,0
"POINT (9.656661233000023 52.407308835000038)",Unfall 2621 (2023) Kat:3, Licht: 0,2621,3,6,2,01,13,4,,0,0,1,0,0
"POINT (9.747980988000052 52.375396040000055)",Unfall 2622 (2023) Kat:3, Licht: 0,2622,3,6,4,01,13,4,,0,1,1,0,0
"POINT (9.702920333000066 52.374978032000058)",Unfall 2623 (2023) Kat:3, Licht: 0,2623,3,3,0,01,15,4,,0,1,0,0,0
"POINT (9.779542246000062 52.417662267000026)",Unfall 2624 (2023) Kat:3, Licht: 2,2624,3,5,1,01,19,4,,2,1,1,0,0
"POINT (9.669465515000070 52.442943271000047)",Unfall 2625 (2023) Kat:3, Licht: 1,2625,3,3,5,01,06,4,,1,1,1,0,0
"POINT (9.607456433000038 52.439768801000071)",Unfall 2626 (2023) Kat:3, Licht: 0,2626,3,4,6,01,13,3,,0,0,1,1,0
"POINT (9.781221422000044 52.520062492000079)",Unfall 2627 (2023) Kat:3, Licht: 1,2627,3,3,5,01,16,3,,1,1,1,0,0
"POINT (9.718419860000040 52.396431297000049)",Unfall 2628 (2023) Kat:3, Licht: 0,2628,3,2,2,01,15,3,,0,0,1,0,1
"POINT (9.670242924000036 52.409149363000040)",Unfall 2629 (2023) Kat:3, Licht: 0,2629,3,3,5,01,14,3,,0,1,1,0,0
"POINT (9.595576881000056 52.430597850000026)",Unfall 2630 (2023) Kat:3, Licht: 0,2630,3,3,5,01,12,3,,0,0,1,0,1
"POINT (9.744801749000032 52.368422369000029)",Unfall 2631 (2023) Kat:3, Licht: 0,2631,3,5,0,01,09,3,,0,1,1,0,0
"POINT (9.704931970000075 52.415205439000033)",Unfall 2632 (2023) Kat:3, Licht: 0,2632,3,3,5,01,08,2,,0,1,1,0,0
"POINT (9.744915651000042 52.374716479000028)",Unfall 2633 (2023) Kat:3, Licht: 0,2633,3,7,0,01,15,2,,0,0,0,0,0
"POINT (9.674532126000031 52.344720645000052)",Unfall 2634 (2023) Kat:3, Licht: 0,2634,3,5,1,01,11,2,,0,1,0,0,0
"POINT (9.720244982000054 52.379918247000035)",Unfall 2635 (2023) Kat:3, Licht: 0,2635,3,1,0,01,10,2,,0,0,0,0,1
"POINT (9.724778013000048 52.342666086000065)",Unfall 2636 (2023) Kat:3, Licht: 0,2636,3,1,8,01,14,1,,0,0,1,0,0
"POINT (9.758210644000030 52.388704075000078)",Unfall 2637 (2023) Kat:3, Licht: 2,2637,3,2,4,01,19,1,,2,0,1,0,0
"POINT (9.734278758000073 52.438549301000080)",Unfall 2638 (2023) Kat:2, Licht: 2,2638,2,2,5,01,21,1,,2,0,1,0,0
"POINT (9.450443953000047 52.412274753000077)",Unfall 2639 (2023) Kat:3, Licht: 0,2639,3,7,0,01,16,7,,0,0,0,0,1
"POINT (10.001649634000046 52.450150221000058)",Unfall 2640 (2023) Kat:3, Licht: 0,2640,3,2,2,01,11,7,,0,0,1,0,0
"POINT (9.736832814000024 52.376788041000054)",Unfall 2641 (2023) Kat:3, Licht: 2,2641,3,3,5,01,07,7,,2,0,1,0,0
"POINT (9.737112349000029 52.376940821000062)",Unfall 2642 (2023) Kat:3, Licht: 2,2642,3,7,0,01,05,6,,2,1,0,0,0
"POINT (9.698713286000043 52.366043257000058)",Unfall 2643 (2023) Kat:3, Licht: 2,2643,3,4,6,01,17,6,,2,0,1,1,0
"POINT (9.529448992000027 52.200687381000080)",Unfall 2644 (2023) Kat:3, Licht: 0,2644,3,1,8,01,12,6,,0,0,1,0,0
"POINT (10.136221331000058 52.362703726000063)",Unfall 2645 (2023) Kat:3, Licht: 0,2645,3,6,4,01,12,6,,0,0,1,0,0
"POINT (10.022805661000064 52.373549791000073)",Unfall 2646 (2023) Kat:3, Licht: 0,2646,3,7,9,01,08,6,,0,0,1,0,0
"POINT (9.789982181000028 52.329402710000068)",Unfall 2647 (2023) Kat:3, Licht: 2,2647,3,6,4,01,17,6,,2,1,1,0,0
"POINT (9.733836287000031 52.394806740000035)",Unfall 2648 (2023) Kat:3, Licht: 0,2648,3,3,5,01,14,6,,0,0,1,0,0
"POINT (9.735080662000030 52.376509722000037)",Unfall 2649 (2023) Kat:3, Licht: 2,2649,3,6,6,01,17,5,,2,0,1,1,0
"POINT (9.765712244000042 52.341872072000058)",Unfall 2650 (2023) Kat:3, Licht: 0,2650,3,3,5,01,08,5,,0,1,1,0,0
"POINT (9.458650648000059 52.502911455000060)",Unfall 2651 (2023) Kat:3, Licht: 0,2651,3,7,0,01,11,5,,0,1,0,0,0
"POINT (9.765359341000021 52.378120045000060)",Unfall 2652 (2023) Kat:3, Licht: 0,2652,3,3,5,01,11,5,,0,0,1,0,0
"POINT (9.730484960000069 52.374947777000045)",Unfall 2653 (2023) Kat:3, Licht: 0,2653,3,2,6,01,08,5,,0,0,1,1,0
"POINT (9.693965446000050 52.419351689000052)",Unfall 2654 (2023) Kat:3, Licht: 2,2654,3,6,2,01,16,4,,2,0,1,0,0
"POINT (9.732641234000027 52.376735436000047)",Unfall 2655 (2023) Kat:3, Licht: 2,2655,3,2,6,01,19,4,,2,0,1,1,0
"POINT (9.956179486000053 52.457425359000069)",Unfall 2656 (2023) Kat:3, Licht: 0,2656,3,6,2,01,08,4,,0,0,1,0,0
"POINT (9.770302517000061 52.383846262000077)",Unfall 2657 (2023) Kat:3, Licht: 1,2657,3,3,5,01,07,4,,1,1,1,0,0
"POINT (9.738688543000023 52.374375639000050)",Unfall 2658 (2023) Kat:3, Licht: 2,2658,3,7,0,01,17,3,,2,0,0,0,0
"POINT (9.690283446000024 52.372734547000050)",Unfall 2659 (2023) Kat:3, Licht: 2,2659,3,2,5,01,18,3,,2,0,1,0,0
"POINT (9.662953218000041 52.409808465000026)",Unfall 2660 (2023) Kat:3, Licht: 0,2660,3,4,6,01,13,3,,0,0,1,1,0
"POINT (9.582298482000056 52.419654496000078)",Unfall 2661 (2023) Kat:2, Licht: 0,2661,2,2,6,01,11,3,,0,0,1,1,0