WKT,Name,OBJECTID,UKATEGORIE,UTYP1,UART,UMONAT,USTUNDE,UWOCHENTAG,STRZUSTAND,ULICHTVERH,ISTRAD,ISTPKW,ISTFUSS,ISTKRAD
"POINT (9.680808945000024 52.415573743000039)",Unfall 2662 (2023) Kat:3, Licht: 0,2662,3,3,5,01,11,2,,0,0,1,0,0
"POINT (9.782294376000038 52.329091626000036)",Unfall 2663 (2023) Kat:3, Licht: 0,2663,3,7,5,01,15,2,,0,0,1,0,1
"POINT (9.709003005000056 52.394271861000050)",Unfall 2664 (2023) Kat:3, Licht: 2,2664,3,2,4,01,18,1,,2,0,1,0,1
"POINT (9.717692082000042 52.397939039000050)",Unfall 2665 (2023) Kat:3, Licht: 1,2665,3,6,1,01,07,1,,1,0,1,0,0
"POINT (9.764289227000063 52.375102614000070)",Unfall 2666 (2023) Kat:3, Licht: 2,2666,3,5,1,01,04,1,,2,0,0,0,0
"POINT (9.804936375000068 52.316952301000072)",Unfall 2667 (2023) Kat:3, Licht: 2,2667,3,6,4,01,01,1,,2,0,1,0,0
"POINT (9.909575307000068 52.365030669000078)",Unfall 2668 (2023) Kat:3, Licht: 2,2668,3,1,0,01,20,5,,2,0,0,0,0
"POINT (9.563645489000066 52.196337020000044)",Unfall 2669 (2023) Kat:3, Licht: 1,2669,3,1,8,01,07,4,,1,0,1,0,0
"POINT (9.760798228000056 52.410294576000069)",Unfall 2670 (2023) Kat:3, Licht: 0,2670,3,6,2,02,15,5,,0,0,1,0,0
"POINT (9.795514604000061 52.375474071000042)",Unfall 2671 (2023) Kat:3, Licht: 2,2671,3,2,6,01,06,6,,2,0,1,1,0
"POINT (9.739668664000021 52.450067118000050)",Unfall 2672 (2023) Kat:3, Licht: 0,2672,3,3,5,01,10,3,,0,1,1,0,0
"POINT (9.756174929000053 52.342673380000065)",Unfall 2673 (2023) Kat:2, Licht: 2,2673,2,3,5,01,07,5,,2,1,1,0,0
"POINT (9.730510903000038 52.374844894000034)",Unfall 2674 (2023) Kat:3, Licht: 2,2674,3,2,6,01,04,1,,2,0,1,1,0
"POINT (9.762008579000053 52.336432957000056)",Unfall 2675 (2023) Kat:3, Licht: 0,2675,3,2,6,03,10,3,,0,0,1,1,0
"POINT (9.592135125000027 52.388213498000027)",Unfall 2676 (2023) Kat:3, Licht: 0,2676,3,3,0,03,07,3,,0,1,1,0,0
"POINT (9.781265261000044 52.405699187000039)",Unfall 2677 (2023) Kat:1, Licht: 0,2677,1,6,3,03,07,3,,0,1,0,0,0
"POINT (9.702584320000028 52.370537042000080)",Unfall 2678 (2023) Kat:2, Licht: 1,2678,2,1,7,03,20,3,,1,1,0,0,0
"POINT (9.792297854000026 52.403046421000056)",Unfall 2679 (2023) Kat:3, Licht: 0,2679,3,3,5,03,16,3,,0,1,1,0,0
"POINT (9.670217891000050 52.399675289000072)",Unfall 2680 (2023) Kat:3, Licht: 0,2680,3,7,0,03,15,3,,0,0,0,0,0
"POINT (9.813436790000026 52.354838975000064)",Unfall 2681 (2023) Kat:3, Licht: 0,2681,3,3,5,03,09,2,,0,0,1,0,0
"POINT (9.785807242000033 52.398041826000053)",Unfall 2682 (2023) Kat:3, Licht: 0,2682,3,3,5,03,07,2,,0,0,1,0,0
"POINT (9.736520897000048 52.376833727000076)",Unfall 2683 (2023) Kat:3, Licht: 1,2683,3,5,3,03,19,1,,1,1,1,0,0
"POINT (9.766294774000073 52.339947310000071)",Unfall 2684 (2023) Kat:3, Licht: 0,2684,3,2,5,03,14,1,,0,1,1,0,0
"POINT (9.458118375000026 52.505495801000052)",Unfall 2685 (2023) Kat:3, Licht: 0,2685,3,7,2,03,14,1,,0,0,1,0,0
"POINT (10.097760977000064 52.387227728000028)",Unfall 2686 (2023) Kat:3, Licht: 0,2686,3,5,4,03,14,1,,0,1,1,0,0
"POINT (9.753676901000063 52.385298276000071)",Unfall 2687 (2023) Kat:3, Licht: 0,2687,3,1,0,03,16,7,,0,1,0,0,0
"POINT (9.738142386000050 52.445157790000053)",Unfall 2688 (2023) Kat:3, Licht: 0,2688,3,1,0,03,11,7,,0,1,0,0,0
"POINT (9.766149420000033 52.365320179000037)",Unfall 2689 (2023) Kat:3, Licht: 0,2689,3,3,5,03,10,6,,0,1,0,0,0
"POINT (9.734880978000035 52.380168550000064)",Unfall 2690 (2023) Kat:3, Licht: 0,2690,3,6,2,03,15,6,,0,0,1,0,1
"POINT (9.708474188000025 52.427173077000077)",Unfall 2691 (2023) Kat:3, Licht: 2,2691,3,3,5,03,19,6,,2,1,1,0,0
"POINT (9.699679175000028 52.343690107000043)",Unfall 2692 (2023) Kat:3, Licht: 0,2692,3,7,0,03,18,5,,0,1,0,0,0
"POINT (9.764254427000026 52.417342694000070)",Unfall 2693 (2023) Kat:3, Licht: 0,2693,3,3,5,03,07,5,,0,0,1,0,0
"POINT (9.456656870000074 52.499670335000076)",Unfall 2694 (2023) Kat:3, Licht: 0,2694,3,4,6,03,09,5,,0,0,1,1,0
"POINT (9.766010776000030 52.396101211000030)",Unfall 2695 (2023) Kat:3, Licht: 0,2695,3,4,6,03,17,5,,0,0,0,1,0
"POINT (9.819253069000069 52.399602527000070)",Unfall 2696 (2023) Kat:3, Licht: 0,2696,3,7,0,03,11,5,,0,1,0,0,0
"POINT (9.773420127000065 52.410318735000033)",Unfall 2697 (2023) Kat:3, Licht: 2,2697,3,2,6,03,00,5,,2,0,1,1,0
"POINT (9.697560257000021 52.391960583000071)",Unfall 2698 (2023) Kat:3, Licht: 0,2698,3,3,5,03,14,4,,0,1,1,0,0
"POINT (9.731065011000055 52.370768478000059)",Unfall 2699 (2023) Kat:3, Licht: 0,2699,3,2,3,03,12,4,,0,1,1,0,0
"POINT (9.668327673000022 52.400767406000057)",Unfall 2700 (2023) Kat:3, Licht: 2,2700,3,6,0,03,19,4,,2,1,0,0,0
"POINT (9.772876661000055 52.362226520000036)",Unfall 2701 (2023) Kat:3, Licht: 0,2701,3,6,4,03,17,3,,0,1,0,0,0
"POINT (9.674460168000053 52.408308363000060)",Unfall 2702 (2023) Kat:3, Licht: 0,2702,3,2,3,03,16,3,,0,0,1,0,0
"POINT (9.689921853000044 52.364828285000044)",Unfall 2703 (2023) Kat:3, Licht: 0,2703,3,3,5,03,16,3,,0,1,0,0,0
"POINT (9.729755440000076 52.436956373000044)",Unfall 2704 (2023) Kat:3, Licht: 0,2704,3,3,5,03,11,3,,0,1,1,0,0
"POINT (9.770880668000075 52.398103721000041)",Unfall 2705 (2023) Kat:2, Licht: 0,2705,2,1,0,03,13,3,,0,0,0,0,0
"POINT (9.826319985000055 52.361016322000069)",Unfall 2706 (2023) Kat:3, Licht: 0,2706,3,2,6,03,12,2,,0,0,1,1,0
"POINT (9.848232278000069 52.494601340000031)",Unfall 2707 (2023) Kat:3, Licht: 0,2707,3,3,5,03,08,2,,0,1,1,0,0
"POINT (9.817287866000072 52.318828908000057)",Unfall 2708 (2023) Kat:3, Licht: 0,2708,3,5,5,03,15,2,,0,0,1,0,0
"POINT (9.457325502000060 52.303917115000047)",Unfall 2709 (2023) Kat:3, Licht: 1,2709,3,4,6,03,18,1,,1,1,0,1,0
"POINT (9.723400976000050 52.348830564000082)",Unfall 2710 (2023) Kat:3, Licht: 2,2710,3,7,0,03,04,7,,2,0,0,0,0
"POINT (9.744231251000031 52.373316525000064)",Unfall 2711 (2023) Kat:3, Licht: 1,2711,3,7,0,03,19,7,,1,1,0,0,0
"POINT (10.206319110000038 52.473399861000075)",Unfall 2712 (2023) Kat:3, Licht: 2,2712,3,1,8,03,02,7,,2,0,1,0,0
"POINT (9.707939832000022 52.376428860000033)",Unfall 2713 (2023) Kat:3, Licht: 2,2713,3,3,5,03,22,7,,2,1,1,0,0
"POINT (9.739292631000069 52.369243447000031)",Unfall 2714 (2023) Kat:3, Licht: 0,2714,3,5,1,03,17,7,,0,0,1,0,0
"POINT (9.732071871000073 52.374321423000026)",Unfall 2715 (2023) Kat:3, Licht: 2,2715,3,3,5,03,21,6,,2,0,1,0,0
"POINT (9.750703502000022 52.411881989000051)",Unfall 2716 (2023) Kat:3, Licht: 0,2716,3,7,1,03,14,6,,0,0,1,0,0
"POINT (9.744769892000022 52.380718609000041)",Unfall 2717 (2023) Kat:3, Licht: 0,2717,3,2,2,03,13,6,,0,0,1,0,0
"POINT (9.429690228000027 52.423747531000060)",Unfall 2718 (2023) Kat:2, Licht: 0,2718,2,7,1,03,15,6,,0,1,1,0,0
"POINT (9.753324014000043 52.390781972000070)",Unfall 2719 (2023) Kat:3, Licht: 0,2719,3,3,5,03,17,6,,0,1,0,0,0
"POINT (9.717930133000038 52.392003843000055)",Unfall 2720 (2023) Kat:3, Licht: 0,2720,3,3,5,03,07,5,,0,1,1,0,0
"POINT (9.833865206000041 52.425167695000027)",Unfall 2721 (2023) Kat:3, Licht: 0,2721,3,3,5,03,17,5,,0,0,1,0,0
"POINT (9.669477212000061 52.349620345000062)",Unfall 2722 (2023) Kat:3, Licht: 2,2722,3,1,0,03,22,5,,2,1,0,0,0
"POINT (9.669477212000061 52.349620345000062)",Unfall 2723 (2023) Kat:3, Licht: 2,2723,3,1,0,03,22,5,,2,1,0,0,0
"POINT (9.764907479000044 52.360494246000030)",Unfall 2724 (2023) Kat:3, Licht: 0,2724,3,7,0,03,13,4,,0,1,0,0,0
"POINT (9.726378167000064 52.388426985000081)",Unfall 2725 (2023) Kat:3, Licht: 0,2725,3,2,4,03,15,4,,0,1,1,0,0
"POINT (9.738289329000054 52.454645702000050)",Unfall 2726 (2023) Kat:3, Licht: 0,2726,3,6,0,03,07,4,,0,1,1,0,0
"POINT (9.662727739000047 52.339032267000050)",Unfall 2727 (2023) Kat:2, Licht: 0,2727,2,4,6,03,12,4,,0,0,0,1,0
"POINT (9.909784454000032 52.360990741000080)",Unfall 2728 (2023) Kat:3, Licht: 0,2728,3,7,0,03,17,4,,0,0,1,0,0
"POINT (9.826029338000069 52.426961281000047)",Unfall 2729 (2023) Kat:3, Licht: 0,2729,3,2,2,03,14,3,,0,0,1,0,0
"POINT (9.731500819000075 52.344770046000065)",Unfall 2730 (2023) Kat:3, Licht: 0,2730,3,5,1,03,12,3,,0,1,1,0,0
"POINT (9.458962724000060 52.499938839000038)",Unfall 2731 (2023) Kat:3, Licht: 0,2731,3,3,5,03,15,2,,0,0,1,0,0
"POINT (9.817984143000047 52.304061286000035)",Unfall 2732 (2023) Kat:3, Licht: 2,2732,3,1,9,03,21,2,,2,0,0,0,0
"POINT (9.726274340000032 52.373619565000070)",Unfall 2733 (2023) Kat:3, Licht: 0,2733,3,5,1,03,17,2,,0,1,1,0,0
"POINT (9.733748401000071 52.398935086000051)",Unfall 2734 (2023) Kat:3, Licht: 0,2734,3,1,0,03,12,2,,0,1,0,0,0
"POINT (9.848219382000025 52.525387908000027)",Unfall 2735 (2023) Kat:3, Licht: 0,2735,3,6,6,03,17,1,,0,0,1,1,0
"POINT (10.020981240000026 52.436772906000044)",Unfall 2736 (2023) Kat:3, Licht: 2,2736,3,1,8,03,03,1,,2,0,1,0,0
"POINT (9.696265033000032 52.410605779000036)",Unfall 2737 (2023) Kat:3, Licht: 2,2737,3,1,9,03,01,7,,2,0,1,0,0
"POINT (9.812136018000047 52.309181926000065)",Unfall 2738 (2023) Kat:3, Licht: 0,2738,3,3,5,03,10,6,,0,1,1,0,0
"POINT (9.717389401000048 52.350831190000065)",Unfall 2739 (2023) Kat:3, Licht: 0,2739,3,3,5,03,11,6,,0,1,0,0,0
"POINT (9.728294189000053 52.358990162000055)",Unfall 2740 (2023) Kat:3, Licht: 2,2740,3,3,5,03,18,6,,2,1,1,0,0
"POINT (9.739814929000033 52.392083088000049)",Unfall 2741 (2023) Kat:3, Licht: 2,2741,3,3,5,03,23,6,,2,0,1,0,0
"POINT (9.728445208000039 52.374324619000049)",Unfall 2742 (2023) Kat:3, Licht: 2,2742,3,6,2,03,23,6,,2,0,1,0,0
"POINT (9.822931392000044 52.344789025000068)",Unfall 2743 (2023) Kat:3, Licht: 0,2743,3,7,6,03,14,6,,0,0,1,1,0
"POINT (9.750184478000051 52.376479449000044)",Unfall 2744 (2023) Kat:3, Licht: 0,2744,3,2,2,03,08,6,,0,1,1,0,0
"POINT (9.663006684000038 52.409889094000050)",Unfall 2745 (2023) Kat:3, Licht: 1,2745,3,2,5,03,06,5,,1,0,1,0,0
"POINT (9.603245444000038 52.420777103000034)",Unfall 2746 (2023) Kat:3, Licht: 2,2746,3,2,4,03,19,5,,2,1,1,0,0
"POINT (9.981149190000053 52.370399254000063)",Unfall 2747 (2023) Kat:3, Licht: 2,2747,3,7,8,03,04,5,,2,0,0,0,0
"POINT (9.753961572000037 52.395495377000032)",Unfall 2748 (2023) Kat:3, Licht: 2,2748,3,2,6,03,19,5,,2,0,1,1,0
"POINT (9.728892265000070 52.376574681000079)",Unfall 2749 (2023) Kat:3, Licht: 0,2749,3,7,0,03,14,4,,0,0,1,0,0
"POINT (9.731940663000046 52.379836394000051)",Unfall 2750 (2023) Kat:3, Licht: 0,2750,3,7,0,03,09,4,,0,0,1,0,0
"POINT (9.747338751000029 52.352976161000072)",Unfall 2751 (2023) Kat:3, Licht: 0,2751,3,2,3,03,12,4,,0,0,1,0,1
"POINT (9.724732539000058 52.373004351000077)",Unfall 2752 (2023) Kat:3, Licht: 0,2752,3,6,2,03,11,4,,0,0,1,0,1
"POINT (9.755893340000057 52.355675654000038)",Unfall 2753 (2023) Kat:3, Licht: 2,2753,3,4,6,03,18,4,,2,0,1,1,0
"POINT (9.742100236000056 52.378712531000076)",Unfall 2754 (2023) Kat:3, Licht: 0,2754,3,4,6,03,16,4,,0,0,0,1,0
"POINT (9.769061546000046 52.358416544000079)",Unfall 2755 (2023) Kat:3, Licht: 2,2755,3,3,5,03,06,4,,2,1,1,0,0
"POINT (9.788374067000063 52.331080756000063)",Unfall 2756 (2023) Kat:3, Licht: 2,2756,3,2,6,03,19,3,,2,0,1,1,0
"POINT (9.739450928000053 52.382742687000075)",Unfall 2757 (2023) Kat:3, Licht: 0,2757,3,6,2,03,15,3,,0,0,1,0,0
"POINT (9.763743565000027 52.398767001000067)",Unfall 2758 (2023) Kat:3, Licht: 0,2758,3,2,5,03,12,3,,0,0,1,0,1
"POINT (9.771127664000062 52.395482638000033)",Unfall 2759 (2023) Kat:3, Licht: 0,2759,3,2,5,03,08,3,,0,1,0,0,0
"POINT (9.746821161000071 52.385450292000030)",Unfall 2760 (2023) Kat:3, Licht: 0,2760,3,3,5,03,08,3,,0,0,1,0,0
"POINT (9.737249407000036 52.547688019000077)",Unfall 2761 (2023) Kat:3, Licht: 0,2761,3,5,1,03,14,3,,0,1,1,0,0
"POINT (9.762465551000048 52.415986429000043)",Unfall 2762 (2023) Kat:2, Licht: 0,2762,2,3,5,03,08,3,,0,1,1,0,0
"POINT (9.775487200000043 52.396591365000063)",Unfall 2763 (2023) Kat:3, Licht: 0,2763,3,6,2,03,08,3,,0,0,1,0,0
"POINT (9.887087478000069 52.283746733000044)",Unfall 2764 (2023) Kat:3, Licht: 0,2764,3,3,1,03,13,2,,0,1,1,0,0
"POINT (9.803148005000025 52.380521149000060)",Unfall 2765 (2023) Kat:3, Licht: 0,2765,3,3,0,03,08,2,,0,0,1,0,0
"POINT (9.730203131000053 52.368561605000082)",Unfall 2766 (2023) Kat:3, Licht: 0,2766,3,3,5,03,08,2,,0,1,1,0,0
"POINT (9.765687077000052 52.341868972000043)",Unfall 2767 (2023) Kat:3, Licht: 0,2767,3,3,5,03,11,2,,0,1,1,0,0
"POINT (9.544859283000051 52.216064838000079)",Unfall 2768 (2023) Kat:3, Licht: 0,2768,3,7,0,03,08,2,,0,0,1,0,0
"POINT (9.706840753000051 52.407831929000054)",Unfall 2769 (2023) Kat:3, Licht: 0,2769,3,3,5,03,13,2,,0,0,1,0,0
"POINT (9.908505368000021 52.367279927000027)",Unfall 2770 (2023) Kat:3, Licht: 0,2770,3,5,1,03,17,2,,0,0,1,0,0
"POINT (10.065855745000022 52.392912745000046)",Unfall 2771 (2023) Kat:3, Licht: 0,2771,3,5,1,03,07,2,,0,1,0,0,0
"POINT (9.961309994000032 52.367884803000038)",Unfall 2772 (2023) Kat:3, Licht: 0,2772,3,7,0,03,10,2,,0,1,0,1,0
"POINT (10.011721964000060 52.447362940000062)",Unfall 2773 (2023) Kat:3, Licht: 0,2773,3,7,0,03,12,2,,0,1,1,0,0
"POINT (9.725370099000031 52.322550982000052)",Unfall 2774 (2023) Kat:3, Licht: 2,2774,3,2,5,03,20,2,,2,0,1,0,1
"POINT (10.009095903000059 52.442579683000076)",Unfall 2775 (2023) Kat:3, Licht: 0,2775,3,1,0,03,16,1,,0,1,0,0,0
"POINT (9.744273936000070 52.370498002000033)",Unfall 2776 (2023) Kat:3, Licht: 0,2776,3,7,0,03,10,7,,0,1,0,0,0
"POINT (9.751184808000062 52.359239793000029)",Unfall 2777 (2023) Kat:3, Licht: 0,2777,3,2,4,03,09,6,,0,0,1,0,1
"POINT (9.736172077000049 52.378457919000027)",Unfall 2778 (2023) Kat:3, Licht: 2,2778,3,7,0,03,19,6,,2,0,0,0,0
"POINT (9.795262139000044 52.437058633000049)",Unfall 2779 (2023) Kat:3, Licht: 0,2779,3,4,6,03,11,6,,0,0,1,1,0
"POINT (9.547282899000038 52.206957368000076)",Unfall 2780 (2023) Kat:3, Licht: 0,2780,3,1,0,03,16,6,,0,0,0,0,1
"POINT (9.603293570000062 52.435648616000037)",Unfall 2781 (2023) Kat:3, Licht: 2,2781,3,7,0,03,00,6,,2,1,0,0,0
"POINT (9.731549713000049 52.436090583000066)",Unfall 2782 (2023) Kat:3, Licht: 0,2782,3,4,6,03,12,6,,0,0,1,1,0
"POINT (9.858435673000031 52.364508366000052)",Unfall 2783 (2023) Kat:3, Licht: 2,2783,3,7,8,03,18,6,,2,0,1,0,0
"POINT (9.770405250000067 52.340759861000038)",Unfall 2784 (2023) Kat:3, Licht: 1,2784,3,4,6,03,18,6,,1,0,1,1,0
"POINT (9.843255008000028 52.427404621000051)",Unfall 2785 (2023) Kat:2, Licht: 0,2785,2,6,2,03,08,5,,0,0,1,0,0
"POINT (9.708708179000041 52.373411325000063)",Unfall 2786 (2023) Kat:2, Licht: 2,2786,2,7,0,03,23,5,,2,0,0,0,0
"POINT (9.760821162000070 52.374478439000029)",Unfall 2787 (2023) Kat:3, Licht: 0,2787,3,4,6,03,13,5,,0,1,0,1,0
"POINT (9.807297384000037 52.372304610000072)",Unfall 2788 (2023) Kat:3, Licht: 0,2788,3,3,5,03,15,4,,0,0,1,0,0
"POINT (9.731545260000075 52.390189758000076)",Unfall 2789 (2023) Kat:3, Licht: 0,2789,3,6,2,03,15,4,,0,0,1,0,0
"POINT (9.699129185000061 52.420241919000034)",Unfall 2790 (2023) Kat:3, Licht: 0,2790,3,3,5,03,13,4,,0,0,1,0,0
"POINT (9.728160883000044 52.368152715000065)",Unfall 2791 (2023) Kat:3, Licht: 0,2791,3,3,5,03,08,4,,0,1,0,0,0
"POINT (9.736726198000042 52.412550409000062)",Unfall 2792 (2023) Kat:3, Licht: 0,2792,3,3,5,03,08,4,,0,1,1,0,0
"POINT (9.750800139000035 52.375652301000059)",Unfall 2793 (2023) Kat:3, Licht: 0,2793,3,6,2,03,15,4,,0,0,1,0,0
"POINT (9.604176480000035 52.306080476000034)",Unfall 2794 (2023) Kat:3, Licht: 0,2794,3,7,6,03,11,4,,0,0,1,1,0
"POINT (9.752045337000027 52.450569577000067)",Unfall 2795 (2023) Kat:3, Licht: 0,2795,3,5,0,03,10,4,,0,0,1,1,0
"POINT (9.824185531000069 52.339542438000080)",Unfall 2796 (2023) Kat:3, Licht: 0,2796,3,2,5,03,16,4,,0,1,0,0,0
"POINT (9.743051935000040 52.379478397000071)",Unfall 2797 (2023) Kat:2, Licht: 0,2797,2,3,5,03,13,4,,0,1,0,0,0
"POINT (9.454804202000048 52.499528810000072)",Unfall 2798 (2023) Kat:3, Licht: 0,2798,3,2,5,02,15,3,,0,1,1,0,0
"POINT (9.578674249000073 52.421840910000071)",Unfall 2799 (2023) Kat:3, Licht: 2,2799,3,3,5,02,21,3,,2,0,1,0,0
"POINT (9.725423622000051 52.382861759000036)",Unfall 2800 (2023) Kat:3, Licht: 0,2800,3,5,1,02,12,3,,0,1,1,0,0
"POINT (9.728331269000023 52.358918934000030)",Unfall 2801 (2023) Kat:3, Licht: 0,2801,3,2,4,03,10,4,,0,1,1,0,0
"POINT (9.618441741000026 52.428917808000051)",Unfall 2802 (2023) Kat:3, Licht: 0,2802,3,6,2,02,12,2,,0,0,1,0,0
"POINT (9.741340986000068 52.438695268000060)",Unfall 2803 (2023) Kat:3, Licht: 0,2803,3,7,6,02,13,2,,0,0,1,1,0
"POINT (9.983490591000077 52.445203636000031)",Unfall 2804 (2023) Kat:3, Licht: 0,2804,3,6,2,02,16,2,,0,0,1,0,0
"POINT (9.879332366000028 52.508271684000078)",Unfall 2805 (2023) Kat:3, Licht: 2,2805,3,1,0,02,01,1,,2,1,0,0,0
"POINT (9.742447249000065 52.375364068000067)",Unfall 2806 (2023) Kat:3, Licht: 0,2806,3,1,0,03,09,3,,0,1,0,0,0
"POINT (9.707601994000072 52.359603654000068)",Unfall 2807 (2023) Kat:3, Licht: 0,2807,3,6,2,02,16,7,,0,0,1,0,0
"POINT (9.707498779000048 52.404469016000064)",Unfall 2808 (2023) Kat:3, Licht: 0,2808,3,5,1,03,11,5,,0,0,1,0,0
"POINT (9.802852917000052 52.416876243000047)",Unfall 2809 (2023) Kat:3, Licht: 2,2809,3,3,5,02,20,7,,2,0,1,0,1
"POINT (9.799699661000034 52.328046702000051)",Unfall 2810 (2023) Kat:2, Licht: 1,2810,2,1,9,02,07,7,,1,0,1,0,0
"POINT (9.727640353000027 52.372744236000074)",Unfall 2811 (2023) Kat:3, Licht: 0,2811,3,1,0,02,15,6,,0,1,0,0,0
"POINT (9.761794276000046 52.341975044000037)",Unfall 2812 (2023) Kat:3, Licht: 2,2812,3,3,5,02,18,6,,2,1,1,0,0
"POINT (9.763438958000052 52.400820172000067)",Unfall 2813 (2023) Kat:3, Licht: 2,2813,3,7,0,02,18,6,,2,1,0,0,0
"POINT (9.735581118000027 52.384742921000054)",Unfall 2814 (2023) Kat:3, Licht: 0,2814,3,3,5,02,11,6,,0,1,1,0,0
"POINT (9.737761087000024 52.381849240000065)",Unfall 2815 (2023) Kat:3, Licht: 0,2815,3,6,2,03,13,5,,0,0,1,0,0
"POINT (9.664778077000051 52.412048758000026)",Unfall 2816 (2023) Kat:3, Licht: 2,2816,3,7,1,02,21,5,,2,0,1,0,0
"POINT (9.745754048000038 52.385975639000037)",Unfall 2817 (2023) Kat:3, Licht: 2,2817,3,1,1,03,23,1,,2,0,1,0,0
"POINT (9.674358475000076 52.408316933000037)",Unfall 2818 (2023) Kat:3, Licht: 2,2818,3,3,5,02,19,5,,2,1,1,0,0
"POINT (9.692194234000056 52.398141872000053)",Unfall 2819 (2023) Kat:2, Licht: 0,2819,2,3,5,02,12,5,,0,1,0,0,0
"POINT (9.717215296000063 52.345553987000073)",Unfall 2820 (2023) Kat:3, Licht: 2,2820,3,3,5,02,19,4,,2,0,1,0,0
"POINT (9.817482358000063 52.359782853000070)",Unfall 2821 (2023) Kat:3, Licht: 0,2821,3,7,0,02,14,4,,0,1,0,0,0
"POINT (9.620225717000039 52.439719560000071)",Unfall 2822 (2023) Kat:3, Licht: 0,2822,3,2,0,02,17,4,,0,0,1,0,1
"POINT (10.014632444000028 52.382665883000072)",Unfall 2823 (2023) Kat:3, Licht: 0,2823,3,7,2,02,14,4,,0,0,1,0,0
"POINT (9.466819101000056 52.304645721000043)",Unfall 2824 (2023) Kat:2, Licht: 0,2824,2,7,0,02,09,4,,0,1,0,0,0
"POINT (9.451625907000050 52.412401114000033)",Unfall 2825 (2023) Kat:3, Licht: 0,2825,3,3,5,02,11,3,,0,0,1,0,0
"POINT (10.018543409000074 52.448571806000075)",Unfall 2826 (2023) Kat:3, Licht: 0,2826,3,3,5,02,10,3,,0,1,1,0,0
"POINT (9.710498929000039 52.360262939000052)",Unfall 2827 (2023) Kat:2, Licht: 2,2827,2,2,4,02,05,3,,2,1,1,0,0
"POINT (9.813148175000038 52.398797190000039)",Unfall 2828 (2023) Kat:3, Licht: 0,2828,3,5,1,02,15,3,,0,1,1,0,0
"POINT (9.754732226000044 52.374922261000052)",Unfall 2829 (2023) Kat:3, Licht: 0,2829,3,3,5,02,11,3,,0,0,1,0,0
"POINT (9.690317195000034 52.394896886000026)",Unfall 2830 (2023) Kat:3, Licht: 1,2830,3,5,3,02,07,2,,1,1,1,0,0
"POINT (9.727898125000024 52.400205377000077)",Unfall 2831 (2023) Kat:3, Licht: 0,2831,3,3,5,02,08,2,,0,1,1,0,0
"POINT (9.733697815000028 52.379856359000030)",Unfall 2832 (2023) Kat:3, Licht: 0,2832,3,3,5,02,15,2,,0,1,1,0,0
"POINT (9.727204107000034 52.370170855000026)",Unfall 2833 (2023) Kat:3, Licht: 0,2833,3,3,5,02,16,2,,0,1,1,0,0
"POINT (9.425202764000062 52.417991624000081)",Unfall 2834 (2023) Kat:3, Licht: 0,2834,3,7,0,02,13,2,,0,1,0,0,0
"POINT (10.082527756000047 52.392893615000048)",Unfall 2835 (2023) Kat:3, Licht: 0,2835,3,3,5,02,14,2,,0,0,1,0,0
"POINT (9.978107793000049 52.379206476000036)",Unfall 2836 (2023) Kat:2, Licht: 0,2836,2,4,6,02,15,2,,0,0,1,1,0
"POINT (9.739692873000024 52.381228640000074)",Unfall 2837 (2023) Kat:3, Licht: 2,2837,3,3,5,02,18,2,,2,0,1,0,0
"POINT (9.689338571000064 52.349399721000054)",Unfall 2838 (2023) Kat:3, Licht: 0,2838,3,7,0,02,14,1,,0,0,0,0,0
"POINT (9.788484545000074 52.414615220000030)",Unfall 2839 (2023) Kat:3, Licht: 0,2839,3,1,1,02,13,1,,0,1,1,0,0
"POINT (9.497325132000071 52.483746231000055)",Unfall 2840 (2023) Kat:3, Licht: 0,2840,3,1,0,02,15,1,,0,0,0,0,1
"POINT (9.822486517000073 52.287786229000062)",Unfall 2841 (2023) Kat:3, Licht: 0,2841,3,3,5,02,12,7,,0,0,1,0,0
"POINT (9.805439343000046 52.307114282000043)",Unfall 2842 (2023) Kat:3, Licht: 0,2842,3,7,0,02,14,7,,0,0,0,0,0
"POINT (9.655051642000046 52.409551162000071)",Unfall 2843 (2023) Kat:3, Licht: 1,2843,3,6,2,02,16,7,,1,0,1,0,0
"POINT (9.785294366000073 52.401322637000078)",Unfall 2844 (2023) Kat:3, Licht: 0,2844,3,3,5,03,17,6,,0,0,1,0,1
"POINT (10.014725826000074 52.440163315000063)",Unfall 2845 (2023) Kat:3, Licht: 0,2845,3,2,5,02,14,7,,0,0,1,0,0
"POINT (9.751825360000055 52.372285676000047)",Unfall 2846 (2023) Kat:3, Licht: 2,2846,3,2,5,02,05,7,,2,0,1,0,0
"POINT (9.460121491000052 52.503245122000067)",Unfall 2847 (2023) Kat:3, Licht: 2,2847,3,6,0,02,19,7,,2,0,1,0,0
"POINT (9.735065563000035 52.376614928000038)",Unfall 2848 (2023) Kat:3, Licht: 2,2848,3,2,5,02,21,6,,2,0,1,0,0
"POINT (9.597766803000070 52.393547539000053)",Unfall 2849 (2023) Kat:3, Licht: 0,2849,3,4,6,02,07,6,,0,0,1,1,0