WKT,Name,OBJECTID,UKATEGORIE,UTYP1,UART,UMONAT,USTUNDE,UWOCHENTAG,STRZUSTAND,ULICHTVERH,ISTRAD,ISTPKW,ISTFUSS,ISTKRAD
"POINT (9.714407115000029 52.404074713000057)",Unfall 3039 (2023) Kat:3, Licht: 0,3039,3,2,4,04,15,2,,0,1,0,0,0
"POINT (9.730530768000051 52.374962500000038)",Unfall 3040 (2023) Kat:3, Licht: 0,3040,3,7,5,04,19,2,,0,0,1,0,0
"POINT (9.736392453000065 52.377907233000030)",Unfall 3041 (2023) Kat:3, Licht: 0,3041,3,7,0,04,16,2,,0,0,0,0,0
"POINT (9.702773227000023 52.369368075000068)",Unfall 3042 (2023) Kat:3, Licht: 2,3042,3,3,5,04,23,2,,2,0,1,0,0
"POINT (9.651142389000029 52.168216594000057)",Unfall 3043 (2023) Kat:3, Licht: 0,3043,3,1,0,04,17,2,,0,1,0,0,0
"POINT (9.752476767000076 52.527912042000082)",Unfall 3044 (2023) Kat:3, Licht: 0,3044,3,3,5,04,13,2,,0,1,1,0,0
"POINT (9.721452171000067 52.381023112000037)",Unfall 3045 (2023) Kat:3, Licht: 0,3045,3,1,8,04,14,2,,0,0,1,0,0
"POINT (9.726376853000033 52.388425978000043)",Unfall 3046 (2023) Kat:3, Licht: 2,3046,3,3,5,04,23,5,,2,0,1,0,0
"POINT (9.723319582000045 52.387407208000070)",Unfall 3047 (2023) Kat:3, Licht: 0,3047,3,1,0,04,13,2,,0,1,0,0,0
"POINT (9.773372635000044 52.361803649000080)",Unfall 3048 (2023) Kat:3, Licht: 0,3048,3,5,1,04,13,2,,0,0,1,0,0
"POINT (9.756732522000050 52.364957962000062)",Unfall 3049 (2023) Kat:3, Licht: 0,3049,3,3,5,05,15,5,,0,1,1,0,0
"POINT (9.617257726000048 52.423988415000053)",Unfall 3050 (2023) Kat:3, Licht: 1,3050,3,6,6,04,20,1,,1,1,0,1,0
"POINT (9.654982290000021 52.409625342000027)",Unfall 3051 (2023) Kat:3, Licht: 0,3051,3,4,6,04,11,1,,0,1,0,1,0
"POINT (9.729741558000057 52.376407077000067)",Unfall 3052 (2023) Kat:3, Licht: 0,3052,3,3,5,05,12,4,,0,1,1,0,0
"POINT (9.692698205000056 52.398544974000060)",Unfall 3053 (2023) Kat:3, Licht: 0,3053,3,2,2,04,17,7,,0,0,1,0,0
"POINT (9.736829577000037 52.383419190000041)",Unfall 3054 (2023) Kat:3, Licht: 0,3054,3,6,2,04,13,7,,0,0,1,0,0
"POINT (9.713300389000040 52.371440762000077)",Unfall 3055 (2023) Kat:2, Licht: 2,3055,2,7,0,04,23,6,,2,1,0,0,0
"POINT (9.747638261000077 52.373911184000065)",Unfall 3056 (2023) Kat:3, Licht: 0,3056,3,4,6,04,15,6,,0,1,0,1,0
"POINT (9.813826720000066 52.339091901000074)",Unfall 3057 (2023) Kat:3, Licht: 0,3057,3,7,0,04,11,6,,0,0,0,0,0
"POINT (9.760973828000033 52.269448932000046)",Unfall 3058 (2023) Kat:3, Licht: 0,3058,3,6,4,04,07,6,,0,0,1,0,0
"POINT (9.554649972000050 52.209413069000050)",Unfall 3059 (2023) Kat:3, Licht: 0,3059,3,6,6,04,12,6,,0,0,0,1,0
"POINT (9.615757133000045 52.354854941000042)",Unfall 3060 (2023) Kat:3, Licht: 0,3060,3,1,0,04,14,6,,0,1,0,0,0
"POINT (9.473117313000046 52.593713944000058)",Unfall 3061 (2023) Kat:3, Licht: 2,3061,3,1,9,04,03,6,,2,0,1,0,0
"POINT (9.763391592000062 52.417173891000061)",Unfall 3062 (2023) Kat:3, Licht: 0,3062,3,2,5,05,17,2,,0,0,1,0,0
"POINT (9.754859451000073 52.410319445000027)",Unfall 3063 (2023) Kat:3, Licht: 0,3063,3,6,2,05,08,4,,0,0,1,0,0
"POINT (9.443336869000063 52.501300565000065)",Unfall 3064 (2023) Kat:3, Licht: 0,3064,3,1,0,04,18,6,,0,1,0,0,0
"POINT (9.693509870000071 52.409292175000076)",Unfall 3065 (2023) Kat:3, Licht: 2,3065,3,7,0,04,23,5,,2,1,0,0,0
"POINT (9.689565185000049 52.329325068000060)",Unfall 3066 (2023) Kat:3, Licht: 0,3066,3,5,4,04,11,5,,0,1,1,0,0
"POINT (9.706360537000023 52.390179364000062)",Unfall 3067 (2023) Kat:3, Licht: 0,3067,3,6,6,04,16,5,,0,0,1,1,0
"POINT (9.730520052000031 52.391259490000039)",Unfall 3068 (2023) Kat:3, Licht: 0,3068,3,3,5,04,13,5,,0,1,0,0,0
"POINT (9.727388984000072 52.361191251000037)",Unfall 3069 (2023) Kat:3, Licht: 0,3069,3,3,5,04,16,5,,0,1,1,0,0
"POINT (9.708883342000036 52.370484543000032)",Unfall 3070 (2023) Kat:3, Licht: 0,3070,3,2,5,04,15,5,,0,1,1,0,0
"POINT (9.596455090000063 52.387949263000053)",Unfall 3071 (2023) Kat:2, Licht: 0,3071,2,4,6,04,15,5,,0,0,1,1,0
"POINT (9.729559960000074 52.343572816000062)",Unfall 3072 (2023) Kat:3, Licht: 0,3072,3,1,1,04,16,5,,0,0,1,0,1
"POINT (9.589014520000035 52.415308559000039)",Unfall 3073 (2023) Kat:3, Licht: 0,3073,3,4,6,05,13,5,,0,0,1,1,0
"POINT (9.751867593000043 52.385990446000051)",Unfall 3074 (2023) Kat:3, Licht: 0,3074,3,2,3,04,13,4,,0,1,1,0,0
"POINT (9.778372602000047 52.266868009000063)",Unfall 3075 (2023) Kat:3, Licht: 0,3075,3,3,5,04,11,4,,0,0,1,0,0
"POINT (9.736402940000062 52.442109291000065)",Unfall 3076 (2023) Kat:3, Licht: 0,3076,3,3,5,04,11,4,,0,1,1,0,0
"POINT (9.595039983000049 52.437802193000039)",Unfall 3077 (2023) Kat:3, Licht: 0,3077,3,7,5,04,08,4,,0,0,1,0,0
"POINT (9.759434590000069 52.419825585000069)",Unfall 3078 (2023) Kat:3, Licht: 0,3078,3,6,2,04,08,5,,0,0,1,0,0
"POINT (9.667408560000069 52.376171834000047)",Unfall 3079 (2023) Kat:3, Licht: 0,3079,3,3,5,04,10,3,,0,0,1,0,0
"POINT (9.743092804000071 52.451026279000075)",Unfall 3080 (2023) Kat:3, Licht: 2,3080,3,2,4,04,20,3,,2,0,1,0,1
"POINT (9.763097333000076 52.405181784000035)",Unfall 3081 (2023) Kat:2, Licht: 0,3081,2,7,9,04,18,3,,0,0,1,0,0
"POINT (9.719526335000069 52.362048562000041)",Unfall 3082 (2023) Kat:2, Licht: 0,3082,2,4,6,04,15,3,,0,0,1,1,0
"POINT (9.736057733000052 52.416311144000076)",Unfall 3083 (2023) Kat:3, Licht: 0,3083,3,3,5,04,16,2,,0,0,1,0,0
"POINT (9.668171355000027 52.415412966000076)",Unfall 3084 (2023) Kat:3, Licht: 0,3084,3,3,5,04,14,2,,0,1,1,0,0
"POINT (9.458507174000033 52.302532478000046)",Unfall 3085 (2023) Kat:3, Licht: 0,3085,3,4,6,04,11,2,,0,0,1,1,0
"POINT (9.790320999000073 52.402749915000072)",Unfall 3086 (2023) Kat:3, Licht: 0,3086,3,6,3,04,19,1,,0,0,1,0,0
"POINT (9.723344086000054 52.387367857000072)",Unfall 3087 (2023) Kat:3, Licht: 0,3087,3,2,5,04,18,1,,0,1,1,0,0
"POINT (9.693862213000045 52.342949627000053)",Unfall 3088 (2023) Kat:2, Licht: 2,3088,2,3,5,04,22,7,,2,0,1,0,1
"POINT (9.855310599000063 52.392332795000073)",Unfall 3089 (2023) Kat:3, Licht: 0,3089,3,7,0,04,19,6,,0,1,0,0,0
"POINT (9.718827109000074 52.374095835000048)",Unfall 3090 (2023) Kat:3, Licht: 0,3090,3,7,0,04,18,6,,0,1,0,0,0
"POINT (9.882369337000057 52.359088297000028)",Unfall 3091 (2023) Kat:3, Licht: 0,3091,3,6,2,04,18,6,,0,0,1,0,0
"POINT (9.468943319000061 52.426470546000076)",Unfall 3092 (2023) Kat:3, Licht: 2,3092,3,2,5,04,00,6,,2,0,1,0,0
"POINT (9.909658891000049 52.520614335000062)",Unfall 3093 (2023) Kat:3, Licht: 0,3093,3,6,6,04,17,6,,0,1,0,1,0
"POINT (9.823961335000035 52.505984950000027)",Unfall 3094 (2023) Kat:3, Licht: 0,3094,3,6,2,04,12,6,,0,0,1,0,0
"POINT (9.667284136000035 52.376190604000044)",Unfall 3095 (2023) Kat:3, Licht: 0,3095,3,2,5,04,12,6,,0,1,1,0,0
"POINT (9.694402494000030 52.404211540000063)",Unfall 3096 (2023) Kat:3, Licht: 0,3096,3,2,3,04,17,5,,0,1,1,0,0
"POINT (9.611199068000076 52.442678570000055)",Unfall 3097 (2023) Kat:3, Licht: 0,3097,3,4,6,04,15,5,,0,0,1,1,0
"POINT (9.736122550000061 52.441400721000036)",Unfall 3098 (2023) Kat:3, Licht: 2,3098,3,7,6,04,21,5,,2,0,1,1,0
"POINT (10.007823092000024 52.440565326000069)",Unfall 3099 (2023) Kat:3, Licht: 0,3099,3,3,5,04,09,5,,0,1,1,0,0
"POINT (10.025033934000021 52.437456052000073)",Unfall 3100 (2023) Kat:3, Licht: 0,3100,3,3,0,04,09,5,,0,1,1,0,0
"POINT (9.765297015000044 52.410278304000030)",Unfall 3101 (2023) Kat:3, Licht: 0,3101,3,7,9,04,13,5,,0,0,1,0,0
"POINT (9.744990304000055 52.372450742000069)",Unfall 3102 (2023) Kat:3, Licht: 0,3102,3,2,0,04,13,5,,0,0,1,0,1
"POINT (9.812742302000061 52.294890307000060)",Unfall 3103 (2023) Kat:2, Licht: 0,3103,2,4,6,04,16,6,,0,0,1,1,0
"POINT (9.730860936000056 52.374958825000078)",Unfall 3104 (2023) Kat:3, Licht: 0,3104,3,3,0,04,11,4,,0,0,1,0,1
"POINT (10.205447488000061 52.466312354000081)",Unfall 3105 (2023) Kat:3, Licht: 0,3105,3,7,6,04,17,4,,0,0,1,1,0
"POINT (9.785152049000033 52.372707862000027)",Unfall 3106 (2023) Kat:3, Licht: 2,3106,3,1,8,04,20,4,,2,0,1,0,0
"POINT (9.731971200000032 52.378973991000066)",Unfall 3107 (2023) Kat:3, Licht: 0,3107,3,7,6,04,18,3,,0,0,1,1,0
"POINT (9.737036287000024 52.375601283000037)",Unfall 3108 (2023) Kat:3, Licht: 0,3108,3,7,6,04,15,3,,0,1,0,1,0
"POINT (9.860741482000037 52.368401406000032)",Unfall 3109 (2023) Kat:3, Licht: 2,3109,3,2,3,04,21,3,,2,1,1,0,0
"POINT (9.746273366000025 52.354357408000055)",Unfall 3110 (2023) Kat:3, Licht: 0,3110,3,2,5,04,14,3,,0,0,1,0,0
"POINT (9.701591123000071 52.422228727000061)",Unfall 3111 (2023) Kat:2, Licht: 0,3111,2,7,0,04,10,3,,0,1,0,0,0
"POINT (9.569914370000049 52.272878956000056)",Unfall 3112 (2023) Kat:3, Licht: 0,3112,3,6,2,05,09,5,,0,1,1,0,0
"POINT (9.819545474000051 52.356969452000044)",Unfall 3113 (2023) Kat:3, Licht: 0,3113,3,6,2,05,07,5,,0,0,1,0,0
"POINT (9.695278140000028 52.349075230000039)",Unfall 3114 (2023) Kat:3, Licht: 2,3114,3,3,5,04,19,2,,2,0,1,0,0
"POINT (9.717292441000041 52.372972859000072)",Unfall 3115 (2023) Kat:3, Licht: 2,3115,3,6,4,04,22,2,,2,1,0,0,0
"POINT (9.405716212000073 52.408710194000037)",Unfall 3116 (2023) Kat:3, Licht: 2,3116,3,1,8,04,04,2,,2,0,1,0,0
"POINT (9.616800713000032 52.419404587000031)",Unfall 3117 (2023) Kat:3, Licht: 2,3117,3,7,2,04,04,1,,2,0,1,0,0
"POINT (9.678213269000025 52.343042423000043)",Unfall 3118 (2023) Kat:3, Licht: 2,3118,3,5,1,04,22,1,,2,1,1,0,0
"POINT (9.978075122000064 52.330024410000078)",Unfall 3119 (2023) Kat:3, Licht: 2,3119,3,7,8,04,22,1,,2,0,1,0,0
"POINT (9.749760529000071 52.376340764000076)",Unfall 3120 (2023) Kat:3, Licht: 2,3120,3,2,5,04,00,7,,2,0,1,0,0
"POINT (9.706941299000050 52.370138892000057)",Unfall 3121 (2023) Kat:3, Licht: 0,3121,3,2,5,04,11,7,,0,0,1,0,0
"POINT (9.762160885000071 52.264010826000060)",Unfall 3122 (2023) Kat:2, Licht: 0,3122,2,2,3,04,13,1,,0,0,1,0,1
"POINT (9.747554748000027 52.373867454000049)",Unfall 3123 (2023) Kat:3, Licht: 0,3123,3,1,0,03,17,6,,0,1,0,0,0
"POINT (9.754553232000035 52.389643422000063)",Unfall 3124 (2023) Kat:3, Licht: 0,3124,3,3,5,03,09,6,,0,0,1,0,0
"POINT (9.734698423000054 52.376692026000057)",Unfall 3125 (2023) Kat:3, Licht: 0,3125,3,7,0,03,17,5,,0,1,0,0,0
"POINT (9.670367806000058 52.359219619000044)",Unfall 3126 (2023) Kat:3, Licht: 0,3126,3,3,5,03,13,5,,0,1,1,0,0
"POINT (9.967661738000061 52.388831293000067)",Unfall 3127 (2023) Kat:3, Licht: 2,3127,3,7,7,03,22,5,,2,0,1,0,0
"POINT (9.953553027000055 52.386146079000071)",Unfall 3128 (2023) Kat:2, Licht: 0,3128,2,3,5,03,17,5,,0,1,1,0,0
"POINT (9.703456689000063 52.409284309000043)",Unfall 3129 (2023) Kat:3, Licht: 0,3129,3,3,5,03,16,5,,0,0,1,0,0
"POINT (9.696958872000039 52.412887627000032)",Unfall 3130 (2023) Kat:3, Licht: 0,3130,3,6,2,03,15,5,,0,0,1,0,0
"POINT (9.721737147000056 52.327263287000051)",Unfall 3131 (2023) Kat:3, Licht: 0,3131,3,1,0,03,13,5,,0,1,0,0,0
"POINT (9.753579754000043 52.441600558000061)",Unfall 3132 (2023) Kat:3, Licht: 0,3132,3,3,5,04,14,5,,0,1,1,0,0
"POINT (9.709586503000025 52.367232945000069)",Unfall 3133 (2023) Kat:3, Licht: 0,3133,3,7,0,03,07,4,,0,1,0,0,0
"POINT (9.556773599000053 52.456328561000078)",Unfall 3134 (2023) Kat:2, Licht: 0,3134,2,1,8,03,17,4,,0,0,1,0,0
"POINT (9.738074200000028 52.381851595000057)",Unfall 3135 (2023) Kat:3, Licht: 2,3135,3,2,5,03,23,4,,2,1,1,0,0
"POINT (9.791128998000033 52.405172097000047)",Unfall 3136 (2023) Kat:3, Licht: 2,3136,3,5,5,03,21,4,,2,0,1,0,1
"POINT (9.766188523000039 52.358005095000067)",Unfall 3137 (2023) Kat:3, Licht: 0,3137,3,7,0,06,07,3,,0,1,0,0,0
"POINT (9.972368423000034 52.364773556000046)",Unfall 3138 (2023) Kat:3, Licht: 0,3138,3,2,5,06,07,3,,0,1,1,0,0
"POINT (9.990316593000045 52.372350490000031)",Unfall 3139 (2023) Kat:3, Licht: 0,3139,3,3,5,06,09,3,,0,1,0,0,0
"POINT (9.739812631000063 52.383108913000058)",Unfall 3140 (2023) Kat:3, Licht: 0,3140,3,7,0,06,18,3,,0,1,0,0,0
"POINT (9.809268763000034 52.405204579000042)",Unfall 3141 (2023) Kat:3, Licht: 0,3141,3,7,7,06,10,3,,0,1,0,0,0
"POINT (9.735594291000041 52.387988211000049)",Unfall 3142 (2023) Kat:3, Licht: 0,3142,3,2,6,06,16,2,,0,0,1,1,0
"POINT (9.735075492000021 52.375273530000072)",Unfall 3143 (2023) Kat:3, Licht: 0,3143,3,6,6,06,17,2,,0,0,0,1,0
"POINT (9.799153365000052 52.402755824000053)",Unfall 3144 (2023) Kat:3, Licht: 0,3144,3,5,0,06,13,2,,0,1,1,0,0
"POINT (9.651552710000033 52.419567158000064)",Unfall 3145 (2023) Kat:3, Licht: 0,3145,3,1,0,06,16,1,,0,0,0,0,0
"POINT (9.861827366000057 52.394143383000028)",Unfall 3146 (2023) Kat:3, Licht: 0,3146,3,3,5,06,11,1,,0,0,1,0,0
"POINT (9.737079029000029 52.412464461000070)",Unfall 3147 (2023) Kat:3, Licht: 0,3147,3,6,3,06,12,1,,0,0,1,0,1
"POINT (9.800607916000047 52.359968463000030)",Unfall 3148 (2023) Kat:3, Licht: 0,3148,3,6,3,06,15,1,,0,1,0,0,0
"POINT (9.455529440000021 52.428964320000034)",Unfall 3149 (2023) Kat:3, Licht: 0,3149,3,1,3,06,21,1,,0,1,0,0,0
"POINT (9.935171526000033 52.342976452000073)",Unfall 3150 (2023) Kat:3, Licht: 0,3150,3,1,0,06,21,1,,0,1,0,0,0
"POINT (9.719004522000034 52.333243736000043)",Unfall 3151 (2023) Kat:1, Licht: 0,3151,1,1,8,06,15,1,,0,1,0,0,0
"POINT (9.748898468000050 52.350919808000071)",Unfall 3152 (2023) Kat:3, Licht: 0,3152,3,1,0,06,13,1,,0,1,0,0,0
"POINT (9.742389859000070 52.358787108000058)",Unfall 3153 (2023) Kat:2, Licht: 2,3153,2,6,3,06,00,1,,2,1,0,0,0
"POINT (9.763740631000076 52.356965073000026)",Unfall 3154 (2023) Kat:3, Licht: 2,3154,3,7,1,06,00,7,,2,1,1,0,0
"POINT (9.720387151000068 52.391478239000037)",Unfall 3155 (2023) Kat:3, Licht: 0,3155,3,7,0,06,14,7,,0,1,0,0,0
"POINT (9.712006033000023 52.367027187000076)",Unfall 3156 (2023) Kat:3, Licht: 2,3156,3,7,0,06,00,7,,2,1,0,0,0
"POINT (9.780554879000022 52.346639912000057)",Unfall 3157 (2023) Kat:3, Licht: 0,3157,3,1,0,06,15,7,,0,0,0,0,0
"POINT (10.003528743000061 52.448783325000079)",Unfall 3158 (2023) Kat:3, Licht: 0,3158,3,5,1,06,12,7,,0,0,1,0,0
"POINT (9.748258681000038 52.351763337000079)",Unfall 3159 (2023) Kat:3, Licht: 0,3159,3,7,0,06,12,6,,0,1,0,0,0
"POINT (9.706065314000057 52.369979810000075)",Unfall 3160 (2023) Kat:3, Licht: 0,3160,3,3,5,06,14,6,,0,1,1,0,0
"POINT (9.707124578000048 52.373544479000032)",Unfall 3161 (2023) Kat:3, Licht: 0,3161,3,3,5,06,14,6,,0,1,1,0,0
"POINT (9.829819610000072 52.333968757000036)",Unfall 3162 (2023) Kat:3, Licht: 0,3162,3,1,0,06,19,6,,0,1,0,0,0
"POINT (9.723603655000034 52.327016088000050)",Unfall 3163 (2023) Kat:3, Licht: 0,3163,3,4,6,06,13,6,,0,0,1,1,0
"POINT (9.726615668000022 52.388609054000028)",Unfall 3164 (2023) Kat:2, Licht: 2,3164,2,1,0,06,23,6,,2,1,0,0,0
"POINT (9.742140978000066 52.378461762000029)",Unfall 3165 (2023) Kat:3, Licht: 2,3165,3,2,2,06,22,6,,2,0,1,0,0
"POINT (9.751712651000048 52.366512944000078)",Unfall 3166 (2023) Kat:3, Licht: 0,3166,3,3,5,06,19,6,,0,1,0,0,0
"POINT (9.881692886000053 52.281964743000060)",Unfall 3167 (2023) Kat:3, Licht: 0,3167,3,5,1,06,13,6,,0,1,1,0,0
"POINT (9.760037848000024 52.393970065000076)",Unfall 3168 (2023) Kat:3, Licht: 0,3168,3,2,5,06,09,6,,0,0,1,0,0
"POINT (9.750792150000052 52.375753471000053)",Unfall 3169 (2023) Kat:3, Licht: 0,3169,3,3,5,06,19,5,,0,1,1,0,0
"POINT (9.753285203000075 52.390209039000069)",Unfall 3170 (2023) Kat:3, Licht: 0,3170,3,2,5,06,18,5,,0,1,1,0,0
"POINT (9.722869884000033 52.317445578000047)",Unfall 3171 (2023) Kat:3, Licht: 0,3171,3,2,5,06,18,5,,0,0,1,0,1
"POINT (9.738215363000052 52.432365400000037)",Unfall 3172 (2023) Kat:3, Licht: 0,3172,3,3,5,06,08,5,,0,1,1,0,0
"POINT (9.749692878000076 52.337218235000080)",Unfall 3173 (2023) Kat:2, Licht: 0,3173,2,1,0,06,11,5,,0,1,0,0,0
"POINT (9.983640127000058 52.386379974000079)",Unfall 3174 (2023) Kat:3, Licht: 0,3174,3,3,5,06,17,5,,0,0,0,0,1
"POINT (9.718464300000051 52.394411214000058)",Unfall 3175 (2023) Kat:3, Licht: 2,3175,3,5,1,06,01,5,,2,1,1,0,0
"POINT (9.790511097000035 52.375156048000065)",Unfall 3176 (2023) Kat:3, Licht: 0,3176,3,3,5,06,07,4,,0,1,1,0,0
"POINT (9.769458789000055 52.338268834000075)",Unfall 3177 (2023) Kat:3, Licht: 0,3177,3,4,6,06,07,4,,0,1,0,1,0
"POINT (9.739775157000054 52.447426822000068)",Unfall 3178 (2023) Kat:3, Licht: 0,3178,3,6,4,06,10,4,,0,1,0,0,0
"POINT (9.718391637000025 52.331526136000036)",Unfall 3179 (2023) Kat:3, Licht: 0,3179,3,2,5,06,17,4,,0,0,1,0,0
"POINT (9.709232225000051 52.367204999000080)",Unfall 3180 (2023) Kat:3, Licht: 0,3180,3,1,0,06,09,4,,0,1,0,0,0
"POINT (9.701607875000036 52.408700779000071)",Unfall 3181 (2023) Kat:3, Licht: 0,3181,3,3,5,06,08,4,,0,1,1,0,0
"POINT (9.654390010000043 52.410051753000062)",Unfall 3182 (2023) Kat:3, Licht: 0,3182,3,2,5,06,10,3,,0,1,1,0,0
"POINT (9.694076683000048 52.409165692000045)",Unfall 3183 (2023) Kat:3, Licht: 0,3183,3,3,5,06,12,3,,0,1,1,0,0
"POINT (9.732902099000057 52.379324813000039)",Unfall 3184 (2023) Kat:3, Licht: 0,3184,3,6,2,06,16,3,,0,0,1,0,0
"POINT (9.655744600000048 52.364138620000062)",Unfall 3185 (2023) Kat:3, Licht: 0,3185,3,7,0,06,11,3,,0,1,0,0,0
"POINT (9.590780674000030 52.421053444000052)",Unfall 3186 (2023) Kat:3, Licht: 0,3186,3,1,0,06,18,3,,0,0,0,0,1
"POINT (9.609953863000044 52.416268999000067)",Unfall 3187 (2023) Kat:3, Licht: 0,3187,3,3,5,06,16,3,,0,1,1,0,0
"POINT (9.969293587000038 52.379379394000068)",Unfall 3188 (2023) Kat:3, Licht: 0,3188,3,3,5,06,18,3,,0,0,1,0,0
"POINT (9.759367708000070 52.452061761000039)",Unfall 3189 (2023) Kat:3, Licht: 0,3189,3,3,5,06,17,3,,0,1,1,0,0
"POINT (9.714601695000056 52.366412851000064)",Unfall 3190 (2023) Kat:3, Licht: 0,3190,3,7,0,06,13,3,,0,1,0,0,0
"POINT (9.801984462000064 52.429262857000026)",Unfall 3191 (2023) Kat:3, Licht: 0,3191,3,2,5,06,08,3,,0,1,1,0,0
"POINT (9.624258314000031 52.429478012000061)",Unfall 3192 (2023) Kat:3, Licht: 0,3192,3,2,2,06,11,5,,0,0,1,0,0
"POINT (9.776016016000028 52.401802412000052)",Unfall 3193 (2023) Kat:3, Licht: 0,3193,3,7,0,06,15,2,,0,0,0,0,1
"POINT (9.471867123000038 52.310750000000041)",Unfall 3194 (2023) Kat:2, Licht: 0,3194,2,7,0,06,08,2,,0,1,0,0,0
"POINT (9.595191046000025 52.433032032000028)",Unfall 3195 (2023) Kat:3, Licht: 0,3195,3,3,5,06,09,2,,0,1,1,0,0
"POINT (9.702410522000037 52.443244740000068)",Unfall 3196 (2023) Kat:3, Licht: 0,3196,3,1,8,06,14,2,,0,0,0,0,1
"POINT (9.742594487000076 52.439351058000057)",Unfall 3197 (2023) Kat:3, Licht: 0,3197,3,3,5,06,12,2,,0,1,1,0,0
"POINT (9.749592227000051 52.373133407000068)",Unfall 3198 (2023) Kat:3, Licht: 0,3198,3,4,0,06,15,2,,0,0,0,1,0
"POINT (9.660032972000067 52.406615972000054)",Unfall 3199 (2023) Kat:3, Licht: 0,3199,3,2,5,06,19,1,,0,0,1,0,0
"POINT (9.655828992000068 52.356991582000035)",Unfall 3200 (2023) Kat:3, Licht: 0,3200,3,7,6,06,12,1,,0,0,1,1,0
"POINT (9.747639134000053 52.387494101000073)",Unfall 3201 (2023) Kat:3, Licht: 0,3201,3,1,0,06,18,1,,0,0,0,0,0
"POINT (9.359747324000068 52.457835451000051)",Unfall 3202 (2023) Kat:3, Licht: 0,3202,3,6,4,06,15,1,,0,1,1,0,0
"POINT (9.764929252000059 52.360087849000081)",Unfall 3203 (2023) Kat:3, Licht: 0,3203,3,3,5,06,11,7,,0,1,0,0,0
"POINT (9.670311779000031 52.369504845000051)",Unfall 3204 (2023) Kat:3, Licht: 0,3204,3,6,2,06,14,7,,0,0,1,0,0
"POINT (9.739372991000039 52.446982305000063)",Unfall 3205 (2023) Kat:3, Licht: 0,3205,3,2,5,06,14,7,,0,1,1,0,0
"POINT (9.772349496000061 52.338089248000074)",Unfall 3206 (2023) Kat:3, Licht: 0,3206,3,3,5,06,20,7,,0,0,1,0,0
"POINT (9.745095787000025 52.382287832000031)",Unfall 3207 (2023) Kat:3, Licht: 0,3207,3,1,0,06,19,7,,0,1,0,0,0
"POINT (9.760662643000046 52.332552709000026)",Unfall 3208 (2023) Kat:3, Licht: 2,3208,3,1,0,06,00,7,,2,0,0,0,0
"POINT (9.721481698000048 52.380511844000068)",Unfall 3209 (2023) Kat:3, Licht: 0,3209,3,6,3,06,16,6,,0,1,1,0,0
"POINT (9.725422588000072 52.387576079000041)",Unfall 3210 (2023) Kat:3, Licht: 0,3210,3,3,5,06,08,6,,0,1,1,0,0
"POINT (9.722700680000059 52.377392884000074)",Unfall 3211 (2023) Kat:3, Licht: 0,3211,3,4,6,06,09,6,,0,0,0,1,1
"POINT (9.705752204000021 52.372387407000076)",Unfall 3212 (2023) Kat:3, Licht: 0,3212,3,5,1,06,07,6,,0,1,1,0,0
"POINT (9.714693807000060 52.366979346000051)",Unfall 3213 (2023) Kat:3, Licht: 0,3213,3,7,1,06,13,6,,0,0,0,0,0
"POINT (9.773977406000029 52.411466721000068)",Unfall 3214 (2023) Kat:3, Licht: 0,3214,3,6,4,06,15,6,,0,0,1,0,0
"POINT (9.752684221000038 52.383974910000063)",Unfall 3215 (2023) Kat:3, Licht: 0,3215,3,2,5,06,15,6,,0,1,1,0,0
"POINT (9.739726416000053 52.381260421000036)",Unfall 3216 (2023) Kat:3, Licht: 0,3216,3,2,3,06,13,6,,0,1,1,0,0
"POINT (9.457159598000032 52.299061142000028)",Unfall 3217 (2023) Kat:3, Licht: 0,3217,3,1,0,06,08,6,,0,1,0,0,0
"POINT (9.733304688000032 52.392255934000048)",Unfall 3218 (2023) Kat:3, Licht: 2,3218,3,3,0,06,00,6,,2,0,1,0,0
"POINT (9.785132664000059 52.372703139000066)",Unfall 3219 (2023) Kat:3, Licht: 0,3219,3,7,0,06,15,5,,0,1,0,0,0
"POINT (9.664270554000041 52.378076618000080)",Unfall 3220 (2023) Kat:3, Licht: 0,3220,3,7,6,06,15,5,,0,0,1,1,0
"POINT (9.735949900000037 52.442204465000032)",Unfall 3221 (2023) Kat:3, Licht: 0,3221,3,7,0,06,14,5,,0,0,1,0,0
"POINT (9.808480490000022 52.481171418000031)",Unfall 3222 (2023) Kat:3, Licht: 0,3222,3,7,0,06,08,5,,0,1,0,0,0
"POINT (9.759594578000076 52.394100511000033)",Unfall 3223 (2023) Kat:3, Licht: 0,3223,3,6,4,06,10,5,,0,0,1,0,1
"POINT (9.790477328000065 52.358324659000061)",Unfall 3224 (2023) Kat:2, Licht: 0,3224,2,2,2,06,15,5,,0,0,1,0,1
"POINT (9.788532866000025 52.331056623000052)",Unfall 3225 (2023) Kat:3, Licht: 0,3225,3,6,2,06,16,5,,0,0,1,0,0
"POINT (9.689407002000053 52.349359295000056)",Unfall 3226 (2023) Kat:3, Licht: 0,3226,3,1,0,05,18,4,,0,0,0,0,1
"POINT (9.731283196000049 52.378740138000069)",Unfall 3227 (2023) Kat:3, Licht: 2,3227,3,2,4,05,23,4,,2,0,1,0,0