WKT,Name,OBJECTID,UKATEGORIE,UTYP1,UART,UMONAT,USTUNDE,UWOCHENTAG,STRZUSTAND,ULICHTVERH,ISTRAD,ISTPKW,ISTFUSS,ISTKRAD
"POINT (9.709430056000031 52.413447236000081)",Unfall 3416 (2023) Kat:3, Licht: 0,3416,3,5,1,07,19,6,,0,0,1,0,0
"POINT (9.722015870000064 52.378565882000032)",Unfall 3417 (2023) Kat:3, Licht: 0,3417,3,3,5,07,20,6,,0,1,0,0,1
"POINT (9.733693429000027 52.420838143000026)",Unfall 3418 (2023) Kat:3, Licht: 0,3418,3,6,2,07,11,6,,0,0,1,0,0
"POINT (9.767481870000040 52.342972762000045)",Unfall 3419 (2023) Kat:3, Licht: 0,3419,3,6,2,07,17,6,,0,0,1,0,0
"POINT (9.935153666000076 52.340511351000032)",Unfall 3420 (2023) Kat:3, Licht: 0,3420,3,7,0,07,10,6,,0,1,0,0,0
"POINT (9.759004807000053 52.349192317000075)",Unfall 3421 (2023) Kat:3, Licht: 0,3421,3,7,2,07,07,5,,0,1,0,0,0
"POINT (9.699316694000061 52.391655473000071)",Unfall 3422 (2023) Kat:3, Licht: 0,3422,3,3,2,07,16,5,,0,1,0,0,0
"POINT (9.652086103000045 52.369726489000072)",Unfall 3423 (2023) Kat:3, Licht: 0,3423,3,3,5,07,12,5,,0,1,1,0,0
"POINT (9.679074409000066 52.554967297000076)",Unfall 3424 (2023) Kat:3, Licht: 0,3424,3,1,0,07,12,5,,0,1,0,0,0
"POINT (9.756761280000035 52.410356226000033)",Unfall 3425 (2023) Kat:2, Licht: 0,3425,2,3,5,07,16,5,,0,1,1,0,0
"POINT (9.748794775000022 52.389036095000051)",Unfall 3426 (2023) Kat:3, Licht: 0,3426,3,3,5,07,19,5,,0,1,1,0,0
"POINT (9.734788683000033 52.387165787000072)",Unfall 3427 (2023) Kat:3, Licht: 0,3427,3,3,0,07,10,5,,0,1,1,0,0
"POINT (9.803295319000028 52.377585014000033)",Unfall 3428 (2023) Kat:3, Licht: 0,3428,3,2,2,07,14,4,,0,0,1,0,0
"POINT (9.760151645000064 52.366570432000060)",Unfall 3429 (2023) Kat:3, Licht: 2,3429,3,7,1,07,23,4,,2,0,1,0,0
"POINT (9.743985685000041 52.364494145000037)",Unfall 3430 (2023) Kat:3, Licht: 0,3430,3,2,6,07,16,4,,0,1,0,1,0
"POINT (9.656610189000048 52.407483383000056)",Unfall 3431 (2023) Kat:3, Licht: 2,3431,3,1,0,07,02,4,,2,0,0,0,0
"POINT (9.722397273000070 52.388273723000054)",Unfall 3432 (2023) Kat:3, Licht: 0,3432,3,3,5,07,16,4,,0,1,1,0,0
"POINT (9.718045930000073 52.395628078000072)",Unfall 3433 (2023) Kat:3, Licht: 0,3433,3,3,5,07,15,4,,0,1,1,0,0
"POINT (9.718603740000049 52.374184127000035)",Unfall 3434 (2023) Kat:3, Licht: 0,3434,3,1,0,07,07,4,,0,1,0,0,0
"POINT (9.722661711000057 52.372886522000044)",Unfall 3435 (2023) Kat:3, Licht: 2,3435,3,7,0,07,00,4,,2,1,0,0,0
"POINT (9.765864875000034 52.333700587000067)",Unfall 3436 (2023) Kat:3, Licht: 0,3436,3,3,5,07,16,4,,0,0,1,0,0
"POINT (9.466413310000064 52.316663192000078)",Unfall 3437 (2023) Kat:3, Licht: 0,3437,3,3,5,07,10,4,,0,0,1,0,1
"POINT (9.601544726000043 52.435615544000029)",Unfall 3438 (2023) Kat:3, Licht: 0,3438,3,3,5,07,07,4,,0,1,1,0,0
"POINT (9.591938381000034 52.420944349000081)",Unfall 3439 (2023) Kat:3, Licht: 2,3439,3,6,2,07,22,4,,2,0,1,0,0
"POINT (9.711812148000035 52.374246996000068)",Unfall 3440 (2023) Kat:3, Licht: 0,3440,3,3,5,07,16,4,,0,1,1,0,0
"POINT (9.746270639000045 52.354292413000053)",Unfall 3441 (2023) Kat:3, Licht: 0,3441,3,3,5,07,09,4,,0,1,1,0,0
"POINT (9.813659513000061 52.398913465000078)",Unfall 3442 (2023) Kat:3, Licht: 0,3442,3,6,4,07,17,3,,0,1,0,0,0
"POINT (9.750251587000037 52.371496339000032)",Unfall 3443 (2023) Kat:3, Licht: 0,3443,3,5,1,07,23,3,,0,1,1,0,0
"POINT (9.711829432000059 52.343822134000050)",Unfall 3444 (2023) Kat:3, Licht: 2,3444,3,1,1,07,22,3,,2,1,1,0,0
"POINT (9.717182856000022 52.344730012000070)",Unfall 3445 (2023) Kat:3, Licht: 0,3445,3,3,5,07,11,3,,0,1,1,0,0
"POINT (9.665793911000037 52.379670056000066)",Unfall 3446 (2023) Kat:3, Licht: 0,3446,3,3,5,07,17,3,,0,0,1,0,0
"POINT (9.745060785000021 52.381681965000041)",Unfall 3447 (2023) Kat:3, Licht: 0,3447,3,5,0,07,18,3,,0,1,1,0,0
"POINT (9.643169458000045 52.314737016000038)",Unfall 3448 (2023) Kat:3, Licht: 0,3448,3,1,9,07,18,3,,0,0,1,0,0
"POINT (9.466603140000075 52.304489349000050)",Unfall 3449 (2023) Kat:3, Licht: 0,3449,3,4,6,07,18,3,,0,0,1,1,0
"POINT (9.597242427000026 52.434876885000051)",Unfall 3450 (2023) Kat:3, Licht: 0,3450,3,6,0,07,19,3,,0,0,1,0,1
"POINT (9.983577204000028 52.386016232000031)",Unfall 3451 (2023) Kat:3, Licht: 0,3451,3,7,0,07,16,3,,0,1,0,0,0
"POINT (9.975698697000041 52.318927634000033)",Unfall 3452 (2023) Kat:3, Licht: 2,3452,3,1,1,07,00,3,,2,0,1,0,0
"POINT (9.748398907000023 52.478848538000079)",Unfall 3453 (2023) Kat:3, Licht: 0,3453,3,1,0,07,10,3,,0,1,0,0,0
"POINT (9.733386243000041 52.370923735000076)",Unfall 3454 (2023) Kat:3, Licht: 0,3454,3,2,5,07,15,2,,0,1,1,0,0
"POINT (9.736909995000076 52.404607652000038)",Unfall 3455 (2023) Kat:3, Licht: 0,3455,3,3,5,07,10,2,,0,1,1,0,0
"POINT (9.766384758000072 52.381571648000033)",Unfall 3456 (2023) Kat:3, Licht: 0,3456,3,2,4,07,08,2,,0,0,1,0,0
"POINT (9.700131950000070 52.366259065000065)",Unfall 3457 (2023) Kat:3, Licht: 0,3457,3,2,5,07,08,2,,0,1,0,0,0
"POINT (9.749123561000033 52.398045418000038)",Unfall 3458 (2023) Kat:2, Licht: 0,3458,2,1,0,07,06,2,,0,1,0,0,0
"POINT (9.732008852000035 52.375877337000077)",Unfall 3459 (2023) Kat:3, Licht: 0,3459,3,6,0,07,17,2,,0,0,1,0,0
"POINT (9.689381657000069 52.391672147000065)",Unfall 3460 (2023) Kat:3, Licht: 0,3460,3,7,0,07,13,1,,0,1,0,0,0
"POINT (9.729230094000059 52.374363105000043)",Unfall 3461 (2023) Kat:3, Licht: 2,3461,3,2,3,07,00,1,,2,1,1,0,0
"POINT (9.663375575000032 52.341005056000029)",Unfall 3462 (2023) Kat:3, Licht: 0,3462,3,1,0,07,16,1,,0,1,0,0,0
"POINT (9.953505285000062 52.384855949000041)",Unfall 3463 (2023) Kat:3, Licht: 2,3463,3,4,6,07,02,1,,2,0,1,1,0
"POINT (9.737905536000028 52.440931857000066)",Unfall 3464 (2023) Kat:2, Licht: 0,3464,2,6,2,07,10,1,,0,1,0,0,0
"POINT (9.731552368000052 52.367250921000050)",Unfall 3465 (2023) Kat:3, Licht: 1,3465,3,7,9,07,20,1,,1,1,0,0,0
"POINT (9.805330766000054 52.411192886000038)",Unfall 3466 (2023) Kat:3, Licht: 0,3466,3,3,5,07,09,7,,0,1,1,0,0
"POINT (9.756667295000057 52.338682501000051)",Unfall 3467 (2023) Kat:3, Licht: 0,3467,3,1,0,07,18,7,,0,1,0,0,0
"POINT (9.801549929000032 52.335517678000031)",Unfall 3468 (2023) Kat:3, Licht: 2,3468,3,5,1,07,00,7,,2,0,0,0,0
"POINT (9.739163970000050 52.404399149000028)",Unfall 3469 (2023) Kat:3, Licht: 0,3469,3,3,5,07,15,7,,0,1,1,0,0
"POINT (9.558042612000065 52.210773529000051)",Unfall 3470 (2023) Kat:3, Licht: 0,3470,3,3,5,07,12,7,,0,1,1,0,0
"POINT (9.451035878000027 52.507918547000031)",Unfall 3471 (2023) Kat:3, Licht: 1,3471,3,3,5,07,21,7,,1,0,1,0,1
"POINT (9.628630539000028 52.447688781000068)",Unfall 3472 (2023) Kat:3, Licht: 0,3472,3,7,0,07,17,7,,0,1,0,0,0
"POINT (9.709359666000069 52.367215052000063)",Unfall 3473 (2023) Kat:2, Licht: 0,3473,2,1,0,07,22,7,,0,1,0,0,0
"POINT (9.757174335000059 52.364250688000027)",Unfall 3474 (2023) Kat:3, Licht: 2,3474,3,3,0,07,23,7,,2,0,1,0,0
"POINT (9.792251705000069 52.413255762000063)",Unfall 3475 (2023) Kat:3, Licht: 0,3475,3,2,5,07,15,7,,0,1,1,0,0
"POINT (9.745910454000068 52.392323740000052)",Unfall 3476 (2023) Kat:3, Licht: 0,3476,3,7,0,07,08,7,,0,1,0,0,0
"POINT (9.756259651000050 52.354106239000032)",Unfall 3477 (2023) Kat:3, Licht: 0,3477,3,2,4,06,13,6,,0,1,1,0,0
"POINT (9.583064587000024 52.276629521000075)",Unfall 3478 (2023) Kat:3, Licht: 0,3478,3,7,3,06,16,6,,0,1,1,0,0
"POINT (9.651918046000048 52.318517014000065)",Unfall 3479 (2023) Kat:3, Licht: 0,3479,3,1,0,06,16,6,,0,1,0,0,0
"POINT (9.717220416000032 52.341041111000038)",Unfall 3480 (2023) Kat:3, Licht: 0,3480,3,1,0,06,15,6,,0,1,0,0,0
"POINT (9.971093715000052 52.370763307000061)",Unfall 3481 (2023) Kat:3, Licht: 2,3481,3,7,0,06,23,6,,2,1,0,0,0
"POINT (9.724990166000055 52.344189033000077)",Unfall 3482 (2023) Kat:3, Licht: 0,3482,3,3,0,06,13,6,,0,0,1,0,0
"POINT (9.732262008000021 52.376539055000080)",Unfall 3483 (2023) Kat:3, Licht: 0,3483,3,1,0,06,13,6,,0,1,0,0,0
"POINT (9.739617572000043 52.373210628000038)",Unfall 3484 (2023) Kat:3, Licht: 0,3484,3,1,9,06,13,6,,0,1,0,0,0
"POINT (9.734071977000042 52.379796439000074)",Unfall 3485 (2023) Kat:2, Licht: 0,3485,2,1,0,06,10,6,,0,1,0,0,0
"POINT (9.767522307000036 52.358049549000043)",Unfall 3486 (2023) Kat:3, Licht: 0,3486,3,3,5,06,08,5,,0,1,1,0,0
"POINT (9.729267251000067 52.374435682000069)",Unfall 3487 (2023) Kat:3, Licht: 0,3487,3,1,0,06,11,5,,0,1,0,0,0
"POINT (9.851460186000054 52.361628836000079)",Unfall 3488 (2023) Kat:3, Licht: 0,3488,3,6,4,06,15,5,,0,1,1,0,0
"POINT (9.715148109000040 52.369156861000079)",Unfall 3489 (2023) Kat:3, Licht: 0,3489,3,7,0,06,09,5,,0,1,0,0,0
"POINT (9.740256429000056 52.412293398000031)",Unfall 3490 (2023) Kat:3, Licht: 0,3490,3,3,5,06,19,5,,0,1,1,0,0
"POINT (9.368243352000036 52.456153034000067)",Unfall 3491 (2023) Kat:3, Licht: 0,3491,3,5,1,06,16,5,,0,1,0,0,0
"POINT (9.718589409000060 52.328399919000049)",Unfall 3492 (2023) Kat:3, Licht: 0,3492,3,6,3,06,15,5,,0,1,0,0,0
"POINT (9.791449137000029 52.403067539000062)",Unfall 3493 (2023) Kat:3, Licht: 0,3493,3,2,5,06,16,5,,0,1,1,0,0
"POINT (9.761258145000056 52.359039844000051)",Unfall 3494 (2023) Kat:3, Licht: 0,3494,3,6,0,06,14,5,,0,0,1,0,0
"POINT (9.734594406000042 52.375379991000045)",Unfall 3495 (2023) Kat:3, Licht: 0,3495,3,7,5,07,06,7,,0,1,1,0,0
"POINT (9.692389836000075 52.397549347000052)",Unfall 3496 (2023) Kat:3, Licht: 0,3496,3,6,2,06,13,4,,0,0,1,0,0
"POINT (9.709199491000049 52.340555816000062)",Unfall 3497 (2023) Kat:3, Licht: 0,3497,3,7,0,06,08,4,,0,1,0,0,0
"POINT (9.723623196000062 52.368494636000037)",Unfall 3498 (2023) Kat:3, Licht: 0,3498,3,7,4,06,10,4,,0,1,1,0,0
"POINT (9.751797353000029 52.411495060000050)",Unfall 3499 (2023) Kat:3, Licht: 0,3499,3,6,6,06,16,4,,0,0,0,1,0
"POINT (9.630791894000026 52.343151850000027)",Unfall 3500 (2023) Kat:3, Licht: 0,3500,3,7,0,06,13,4,,0,1,0,0,0
"POINT (9.625119278000057 52.503695447000041)",Unfall 3501 (2023) Kat:3, Licht: 0,3501,3,3,5,06,08,4,,0,1,1,0,0
"POINT (9.763285499000062 52.401980477000052)",Unfall 3502 (2023) Kat:3, Licht: 0,3502,3,4,6,06,13,4,,0,0,1,1,0
"POINT (9.714832758000057 52.392881861000035)",Unfall 3503 (2023) Kat:3, Licht: 0,3503,3,2,5,06,08,4,,0,1,1,0,0
"POINT (9.729895885000076 52.373713484000064)",Unfall 3504 (2023) Kat:3, Licht: 0,3504,3,1,0,07,13,5,,0,1,0,0,0
"POINT (9.912692258000050 52.359209362000058)",Unfall 3505 (2023) Kat:3, Licht: 0,3505,3,3,5,07,11,3,,0,1,1,0,0
"POINT (9.730732538000041 52.417665443000033)",Unfall 3506 (2023) Kat:3, Licht: 0,3506,3,2,0,06,11,3,,0,1,1,0,0
"POINT (9.817279923000058 52.306730362000053)",Unfall 3507 (2023) Kat:3, Licht: 0,3507,3,3,5,07,17,4,,0,1,1,0,0
"POINT (9.704675324000050 52.374416165000071)",Unfall 3508 (2023) Kat:3, Licht: 0,3508,3,7,0,06,17,3,,0,1,0,0,0
"POINT (9.736182062000069 52.420950573000027)",Unfall 3509 (2023) Kat:3, Licht: 0,3509,3,3,5,06,09,3,,0,1,1,0,0
"POINT (9.825381135000043 52.350188525000078)",Unfall 3510 (2023) Kat:3, Licht: 0,3510,3,6,2,06,19,3,,0,1,0,0,0
"POINT (9.736147279000022 52.441446582000026)",Unfall 3511 (2023) Kat:3, Licht: 0,3511,3,3,5,06,08,3,,0,1,0,0,0
"POINT (9.854192532000070 52.492590347000032)",Unfall 3512 (2023) Kat:3, Licht: 0,3512,3,3,0,06,09,3,,0,1,1,0,0
"POINT (10.009091508000040 52.435184922000076)",Unfall 3513 (2023) Kat:3, Licht: 0,3513,3,3,5,06,15,3,,0,0,1,0,0
"POINT (9.788260479000030 52.410140069000079)",Unfall 3514 (2023) Kat:2, Licht: 0,3514,2,2,5,06,19,3,,0,0,1,0,1
"POINT (9.712713926000049 52.342188246000035)",Unfall 3515 (2023) Kat:3, Licht: 0,3515,3,2,5,06,12,5,,0,1,1,0,0
"POINT (9.751608181000051 52.421020503000079)",Unfall 3516 (2023) Kat:3, Licht: 0,3516,3,2,5,06,08,2,,0,0,1,0,0
"POINT (9.438118669000062 52.424058311000067)",Unfall 3517 (2023) Kat:3, Licht: 0,3517,3,7,6,06,15,2,,0,0,0,1,0
"POINT (9.744830798000066 52.324808725000082)",Unfall 3518 (2023) Kat:3, Licht: 0,3518,3,3,5,06,07,2,,0,1,1,0,0
"POINT (9.605070697000031 52.437975926000036)",Unfall 3519 (2023) Kat:3, Licht: 0,3519,3,7,0,06,08,2,,0,1,0,0,0
"POINT (9.818715521000058 52.390477193000038)",Unfall 3520 (2023) Kat:3, Licht: 0,3520,3,3,5,06,19,2,,0,1,1,0,0
"POINT (10.015979075000075 52.435615643000062)",Unfall 3521 (2023) Kat:2, Licht: 0,3521,2,3,5,06,11,2,,0,1,1,0,0
"POINT (9.751686348000021 52.386336916000062)",Unfall 3522 (2023) Kat:3, Licht: 0,3522,3,6,3,06,16,2,,0,0,1,0,0
"POINT (9.725013882000042 52.384330441000031)",Unfall 3523 (2023) Kat:2, Licht: 0,3523,2,4,6,06,12,2,,0,1,0,1,0
"POINT (9.692603614000063 52.396664063000060)",Unfall 3524 (2023) Kat:3, Licht: 2,3524,3,2,5,06,22,6,,2,0,1,0,0
"POINT (9.720348029000036 52.346553066000070)",Unfall 3525 (2023) Kat:3, Licht: 0,3525,3,7,0,06,21,1,,0,1,0,0,0
"POINT (9.810974834000035 52.343770880000079)",Unfall 3526 (2023) Kat:3, Licht: 0,3526,3,7,5,06,09,1,,0,1,0,1,0
"POINT (9.749321010000074 52.337364331000060)",Unfall 3527 (2023) Kat:3, Licht: 0,3527,3,3,5,06,13,1,,0,1,0,0,0
"POINT (9.664586005000046 52.317937399000073)",Unfall 3528 (2023) Kat:3, Licht: 0,3528,3,1,0,06,11,1,,0,0,0,0,1
"POINT (9.946567126000048 52.336157810000032)",Unfall 3529 (2023) Kat:3, Licht: 0,3529,3,1,0,06,12,1,,0,0,0,0,0
"POINT (9.714235037000037 52.405097633000082)",Unfall 3530 (2023) Kat:3, Licht: 0,3530,3,4,6,06,20,1,,0,0,1,1,0
"POINT (9.692588469000043 52.419005187000039)",Unfall 3531 (2023) Kat:3, Licht: 2,3531,3,1,0,06,00,1,,2,0,0,0,0
"POINT (9.728319840000040 52.358940432000054)",Unfall 3532 (2023) Kat:3, Licht: 0,3532,3,3,5,06,11,7,,0,1,1,0,0
"POINT (9.724838939000051 52.384658004000073)",Unfall 3533 (2023) Kat:3, Licht: 0,3533,3,6,3,06,17,7,,0,1,0,0,0
"POINT (9.661496971000076 52.384788025000034)",Unfall 3534 (2023) Kat:3, Licht: 0,3534,3,5,1,06,18,7,,0,1,1,0,0
"POINT (9.671126961000027 52.350718748000077)",Unfall 3535 (2023) Kat:3, Licht: 0,3535,3,5,0,06,11,7,,0,1,1,0,0
"POINT (9.756454540000050 52.341467306000027)",Unfall 3536 (2023) Kat:3, Licht: 2,3536,3,7,1,06,02,7,,2,1,0,0,0
"POINT (9.806242171000065 52.418640193000044)",Unfall 3537 (2023) Kat:3, Licht: 0,3537,3,5,1,06,11,7,,0,1,1,0,0
"POINT (9.742040249000070 52.375562450000075)",Unfall 3538 (2023) Kat:3, Licht: 2,3538,3,6,2,06,03,7,,2,0,1,0,0
"POINT (9.797168349000060 52.313360820000071)",Unfall 3539 (2023) Kat:3, Licht: 0,3539,3,1,0,06,12,6,,0,0,0,0,1
"POINT (9.781155883000054 52.399873805000027)",Unfall 3540 (2023) Kat:3, Licht: 0,3540,3,6,2,06,12,6,,0,0,1,0,0
"POINT (9.752560267000035 52.375072947000035)",Unfall 3541 (2023) Kat:3, Licht: 2,3541,3,5,1,06,23,6,,2,1,1,0,0
"POINT (9.759848300000044 52.393867404000048)",Unfall 3542 (2023) Kat:3, Licht: 0,3542,3,6,2,06,17,6,,0,0,1,0,1
"POINT (9.755124174000059 52.447457488000055)",Unfall 3543 (2023) Kat:3, Licht: 0,3543,3,2,5,06,08,6,,0,1,1,0,0
"POINT (9.694830858000046 52.353059832000042)",Unfall 3544 (2023) Kat:3, Licht: 0,3544,3,6,2,06,18,6,,0,0,1,0,0
"POINT (9.790125132000071 52.374020135000080)",Unfall 3545 (2023) Kat:2, Licht: 0,3545,2,7,0,06,15,5,,0,1,0,0,0
"POINT (9.692424157000062 52.398098961000073)",Unfall 3546 (2023) Kat:3, Licht: 0,3546,3,2,2,06,16,5,,0,0,1,0,0
"POINT (9.711868929000048 52.393590285000073)",Unfall 3547 (2023) Kat:3, Licht: 2,3547,3,5,1,06,21,5,,2,0,1,0,0
"POINT (9.593834102000073 52.392605860000060)",Unfall 3548 (2023) Kat:3, Licht: 0,3548,3,5,0,06,08,5,,0,1,1,0,0
"POINT (9.601774417000058 52.314349370000059)",Unfall 3549 (2023) Kat:3, Licht: 0,3549,3,3,5,06,11,5,,0,1,0,0,0
"POINT (9.468179207000048 52.302021162000074)",Unfall 3550 (2023) Kat:3, Licht: 1,3550,3,1,8,06,22,5,,1,1,0,0,0
"POINT (9.589768287000027 52.418862075000050)",Unfall 3551 (2023) Kat:3, Licht: 0,3551,3,3,5,06,17,5,,0,0,1,0,1
"POINT (9.728056091000042 52.374188282000034)",Unfall 3552 (2023) Kat:3, Licht: 0,3552,3,2,5,06,17,5,,0,0,1,0,0
"POINT (9.669495723000068 52.354905646000077)",Unfall 3553 (2023) Kat:3, Licht: 0,3553,3,6,0,06,06,5,,0,1,0,0,0
"POINT (9.716831101000025 52.337255475000063)",Unfall 3554 (2023) Kat:3, Licht: 0,3554,3,2,4,06,15,7,,0,0,1,0,1
"POINT (9.685501622000061 52.342745008000065)",Unfall 3555 (2023) Kat:3, Licht: 0,3555,3,7,0,06,13,4,,0,0,0,0,0
"POINT (9.858475468000051 52.367611653000040)",Unfall 3556 (2023) Kat:3, Licht: 0,3556,3,7,9,06,14,4,,0,1,0,0,0
"POINT (9.672909526000069 52.356263836000039)",Unfall 3557 (2023) Kat:3, Licht: 0,3557,3,5,1,06,20,4,,0,0,1,0,1
"POINT (9.450183513000070 52.422411717000045)",Unfall 3558 (2023) Kat:2, Licht: 0,3558,2,7,7,06,12,4,,0,1,0,0,0
"POINT (9.551797011000076 52.324575758000037)",Unfall 3559 (2023) Kat:3, Licht: 0,3559,3,7,0,06,10,4,,0,1,0,0,0
"POINT (9.963240811000048 52.316535274000046)",Unfall 3560 (2023) Kat:3, Licht: 0,3560,3,5,1,06,14,4,,0,1,0,0,0
"POINT (10.102252151000073 52.379828453000073)",Unfall 3561 (2023) Kat:3, Licht: 0,3561,3,5,1,06,10,4,,0,0,1,0,0
"POINT (10.121397665000075 52.360933661000047)",Unfall 3562 (2023) Kat:3, Licht: 0,3562,3,3,5,06,15,4,,0,0,1,0,1
"POINT (9.773995061000051 52.329804704000026)",Unfall 3563 (2023) Kat:3, Licht: 0,3563,3,5,4,06,11,4,,0,0,1,0,0
"POINT (9.820451934000062 52.300264413000036)",Unfall 3564 (2023) Kat:3, Licht: 0,3564,3,7,5,06,10,4,,0,1,1,0,0
"POINT (9.720346917000029 52.375503271000071)",Unfall 3565 (2023) Kat:3, Licht: 0,3565,3,3,5,07,08,3,,0,0,1,0,1
"POINT (9.750009599000066 52.368081901000039)",Unfall 3566 (2023) Kat:3, Licht: 0,3566,3,7,0,06,07,3,,0,1,0,0,0
"POINT (9.823420946000056 52.415838928000028)",Unfall 3567 (2023) Kat:3, Licht: 0,3567,3,5,1,06,10,3,,0,0,1,0,0
"POINT (9.737404399000070 52.399142387000040)",Unfall 3568 (2023) Kat:3, Licht: 0,3568,3,2,5,06,18,3,,0,1,1,0,0
"POINT (9.358920711000053 52.452687929000035)",Unfall 3569 (2023) Kat:3, Licht: 0,3569,3,1,2,06,09,3,,0,1,0,0,0
"POINT (9.450686299000040 52.418242487000043)",Unfall 3570 (2023) Kat:3, Licht: 0,3570,3,3,5,06,16,3,,0,0,1,0,0
"POINT (9.691022240000052 52.439876259000073)",Unfall 3571 (2023) Kat:2, Licht: 0,3571,2,7,0,06,16,3,,0,1,0,0,0
"POINT (9.753666923000026 52.381153681000058)",Unfall 3572 (2023) Kat:3, Licht: 0,3572,3,6,0,06,11,3,,0,0,1,0,0
"POINT (9.820221338000067 52.346906122000064)",Unfall 3573 (2023) Kat:3, Licht: 0,3573,3,1,8,06,14,3,,0,0,1,0,0
"POINT (9.733681702000069 52.399139688000048)",Unfall 3574 (2023) Kat:3, Licht: 0,3574,3,2,3,06,16,2,,0,1,1,0,0
"POINT (9.728246375000026 52.389854822000075)",Unfall 3575 (2023) Kat:3, Licht: 0,3575,3,6,4,06,08,2,,0,1,0,0,0
"POINT (9.734216420000052 52.376679325000055)",Unfall 3576 (2023) Kat:3, Licht: 0,3576,3,1,0,06,16,2,,0,1,0,0,0
"POINT (9.735559848000037 52.375201884000035)",Unfall 3577 (2023) Kat:3, Licht: 0,3577,3,6,4,06,10,2,,0,1,0,0,0
"POINT (9.729815619000021 52.398275231000071)",Unfall 3578 (2023) Kat:3, Licht: 0,3578,3,2,4,07,15,3,,0,1,1,0,0
"POINT (9.979429729000060 52.379239240000061)",Unfall 3579 (2023) Kat:3, Licht: 2,3579,3,2,4,06,00,1,,2,1,0,0,0
"POINT (9.767535166000073 52.444273990000056)",Unfall 3580 (2023) Kat:3, Licht: 0,3580,3,7,0,06,15,1,,0,1,0,0,0
"POINT (9.728081836000058 52.374071671000081)",Unfall 3581 (2023) Kat:2, Licht: 2,3581,2,3,5,06,22,1,,2,0,1,0,0
"POINT (9.783361478000074 52.329412093000030)",Unfall 3582 (2023) Kat:3, Licht: 0,3582,3,2,5,07,15,2,,0,1,1,0,0
"POINT (9.721823698000037 52.389423742000076)",Unfall 3583 (2023) Kat:3, Licht: 0,3583,3,6,4,06,13,1,,0,1,0,0,0
"POINT (9.735002231000067 52.379890418000059)",Unfall 3584 (2023) Kat:3, Licht: 0,3584,3,6,2,06,12,7,,0,0,1,0,0
"POINT (9.712710432000051 52.315554848000033)",Unfall 3585 (2023) Kat:3, Licht: 0,3585,3,7,0,06,18,7,,0,0,0,0,0
"POINT (9.593963794000047 52.421016181000027)",Unfall 3586 (2023) Kat:3, Licht: 0,3586,3,3,5,06,10,7,,0,1,1,0,0
"POINT (9.742322093000041 52.358875732000058)",Unfall 3587 (2023) Kat:3, Licht: 0,3587,3,7,0,06,18,7,,0,0,1,0,1
"POINT (9.692583558000024 52.388398771000027)",Unfall 3588 (2023) Kat:3, Licht: 0,3588,3,7,2,06,10,7,,0,1,0,0,0
"POINT (9.616923693000047 52.419551143000035)",Unfall 3589 (2023) Kat:3, Licht: 2,3589,3,6,6,06,22,6,,2,1,0,1,0
"POINT (9.828554426000039 52.386059621000072)",Unfall 3590 (2023) Kat:3, Licht: 0,3590,3,7,0,06,13,6,,0,1,0,0,0
"POINT (9.753887641000063 52.386268441000027)",Unfall 3591 (2023) Kat:3, Licht: 0,3591,3,2,5,06,16,6,,0,1,1,0,0
"POINT (9.759562252000023 52.418914922000056)",Unfall 3592 (2023) Kat:3, Licht: 0,3592,3,7,0,07,17,1,,0,0,0,0,0
"POINT (9.598165899000037 52.420568790000061)",Unfall 3593 (2023) Kat:3, Licht: 0,3593,3,3,5,06,10,6,,0,1,1,0,0
"POINT (9.597853589000067 52.315633847000072)",Unfall 3594 (2023) Kat:2, Licht: 0,3594,2,7,0,06,14,6,,0,0,1,1,0
"POINT (9.739306580000061 52.370267793000039)",Unfall 3595 (2023) Kat:3, Licht: 2,3595,3,1,8,06,23,6,,2,0,0,0,0
"POINT (9.732783263000044 52.380147764000071)",Unfall 3596 (2023) Kat:3, Licht: 0,3596,3,5,1,06,13,6,,0,1,1,0,0
"POINT (9.750832989000060 52.375774772000057)",Unfall 3597 (2023) Kat:3, Licht: 0,3597,3,2,5,06,07,6,,0,1,1,0,0
"POINT (9.754385277000040 52.355448432000060)",Unfall 3598 (2023) Kat:3, Licht: 0,3598,3,2,5,06,15,5,,0,1,1,0,0
"POINT (9.691804697000066 52.418808102000071)",Unfall 3599 (2023) Kat:3, Licht: 0,3599,3,6,2,06,16,5,,0,0,1,0,0
"POINT (9.820788831000073 52.350822439000069)",Unfall 3600 (2023) Kat:3, Licht: 2,3600,3,3,5,06,22,5,,2,1,1,0,0
"POINT (9.654872895000040 52.168038257000035)",Unfall 3601 (2023) Kat:3, Licht: 0,3601,3,6,4,06,06,5,,0,1,1,0,0
"POINT (9.671959027000071 52.337272924000047)",Unfall 3602 (2023) Kat:3, Licht: 2,3602,3,7,6,06,22,5,,2,0,1,1,0
"POINT (9.724299990000077 52.323949536000043)",Unfall 3603 (2023) Kat:3, Licht: 0,3603,3,1,0,06,15,5,,0,1,0,0,0
"POINT (9.979953474000069 52.381743125000071)",Unfall 3604 (2023) Kat:3, Licht: 0,3604,3,5,3,06,16,5,,0,1,1,0,0