WKT,Name,OBJECTID,UKATEGORIE,UTYP1,UART,UMONAT,USTUNDE,UWOCHENTAG,STRZUSTAND,ULICHTVERH,ISTRAD,ISTPKW,ISTFUSS,ISTKRAD
"POINT (9.738396485000067 52.381900333000033)",Unfall 3794 (2023) Kat:3, Licht: 2,3794,3,1,0,07,00,2,,2,0,0,0,0
"POINT (9.752622389000067 52.347760545000028)",Unfall 3795 (2023) Kat:3, Licht: 0,3795,3,7,0,07,12,1,,0,1,0,0,0
"POINT (9.747522035000031 52.394975018000082)",Unfall 3796 (2023) Kat:3, Licht: 0,3796,3,1,0,07,16,1,,0,1,0,0,0
"POINT (9.713869293000073 52.369043921000070)",Unfall 3797 (2023) Kat:3, Licht: 0,3797,3,2,5,08,13,2,,0,1,1,0,0
"POINT (9.734346626000047 52.375360378000039)",Unfall 3798 (2023) Kat:3, Licht: 2,3798,3,7,0,07,02,7,,2,0,0,0,0
"POINT (9.801622301000066 52.408848974000080)",Unfall 3799 (2023) Kat:3, Licht: 0,3799,3,4,6,07,13,7,,0,0,1,1,0
"POINT (9.734354723000024 52.376727964000054)",Unfall 3800 (2023) Kat:3, Licht: 0,3800,3,7,0,08,18,1,,0,1,0,0,0
"POINT (9.742315737000069 52.397351271000048)",Unfall 3801 (2023) Kat:3, Licht: 0,3801,3,6,4,07,11,7,,0,1,0,0,0
"POINT (9.745789316000071 52.381258229000082)",Unfall 3802 (2023) Kat:3, Licht: 0,3802,3,5,1,07,11,7,,0,1,1,0,0
"POINT (9.815161818000036 52.396900583000047)",Unfall 3803 (2023) Kat:2, Licht: 2,3803,2,7,4,07,00,7,,2,1,0,0,1
"POINT (9.823282459000040 52.287087055000029)",Unfall 3804 (2023) Kat:3, Licht: 2,3804,3,7,0,07,22,6,,2,1,0,0,0
"POINT (9.741183372000023 52.397944943000027)",Unfall 3805 (2023) Kat:3, Licht: 0,3805,3,7,1,07,09,6,,0,0,1,1,0
"POINT (9.564056198000060 52.196159417000047)",Unfall 3806 (2023) Kat:3, Licht: 0,3806,3,5,5,07,13,6,,0,1,1,0,0
"POINT (9.982624717000022 52.375737782000044)",Unfall 3807 (2023) Kat:3, Licht: 0,3807,3,1,0,07,14,6,,0,0,0,0,1
"POINT (9.741685910000058 52.398605236000037)",Unfall 3808 (2023) Kat:3, Licht: 0,3808,3,1,0,07,16,6,,0,1,0,0,0
"POINT (9.816771647000053 52.326798996000036)",Unfall 3809 (2023) Kat:3, Licht: 0,3809,3,6,3,08,08,3,,0,0,1,0,0
"POINT (9.660082890000069 52.403729027000054)",Unfall 3810 (2023) Kat:3, Licht: 0,3810,3,7,0,07,14,5,,0,1,0,0,0
"POINT (9.691349060000050 52.342636213000048)",Unfall 3811 (2023) Kat:3, Licht: 0,3811,3,4,6,07,17,5,,0,0,1,1,0
"POINT (9.756443732000037 52.341575993000049)",Unfall 3812 (2023) Kat:3, Licht: 0,3812,3,6,2,07,08,5,,0,1,0,0,0
"POINT (9.679681465000044 52.394757321000043)",Unfall 3813 (2023) Kat:3, Licht: 0,3813,3,6,2,07,17,5,,0,0,1,0,0
"POINT (9.752425640000070 52.421048946000042)",Unfall 3814 (2023) Kat:3, Licht: 0,3814,3,1,0,07,14,5,,0,0,0,0,1
"POINT (9.693678075000037 52.400987860000043)",Unfall 3815 (2023) Kat:3, Licht: 0,3815,3,3,5,07,14,4,,0,1,1,0,0
"POINT (9.721387171000060 52.379251518000046)",Unfall 3816 (2023) Kat:3, Licht: 2,3816,3,1,7,07,21,4,,2,1,0,0,0
"POINT (9.738793055000031 52.371263565000049)",Unfall 3817 (2023) Kat:3, Licht: 0,3817,3,4,6,07,11,4,,0,1,0,1,0
"POINT (9.817169487000058 52.359597687000075)",Unfall 3818 (2023) Kat:3, Licht: 0,3818,3,7,0,07,18,4,,0,0,1,1,0
"POINT (9.722299310000039 52.351907149000056)",Unfall 3819 (2023) Kat:3, Licht: 2,3819,3,1,0,07,01,3,,2,0,0,0,0
"POINT (9.778479817000061 52.414197158000036)",Unfall 3820 (2023) Kat:3, Licht: 0,3820,3,1,0,07,10,3,,0,1,0,0,0
"POINT (9.756814877000068 52.392221834000054)",Unfall 3821 (2023) Kat:3, Licht: 0,3821,3,6,0,07,20,3,,0,0,1,0,1
"POINT (9.359246420000034 52.457781482000030)",Unfall 3822 (2023) Kat:3, Licht: 0,3822,3,5,4,07,16,3,,0,1,1,0,0
"POINT (9.748957319000056 52.381643336000081)",Unfall 3823 (2023) Kat:3, Licht: 0,3823,3,2,2,07,15,3,,0,1,1,0,0
"POINT (9.874737138000057 52.283756245000063)",Unfall 3824 (2023) Kat:3, Licht: 0,3824,3,1,0,07,15,2,,0,1,0,0,0
"POINT (9.654393328000026 52.410443509000061)",Unfall 3825 (2023) Kat:3, Licht: 0,3825,3,3,5,07,08,2,,0,0,1,0,0
"POINT (9.720274545000052 52.391534170000057)",Unfall 3826 (2023) Kat:3, Licht: 0,3826,3,2,3,07,17,2,,0,1,0,0,0
"POINT (9.744121035000035 52.372681280000052)",Unfall 3827 (2023) Kat:3, Licht: 0,3827,3,6,2,07,17,2,,0,1,1,0,0
"POINT (9.431106762000070 52.431489988000067)",Unfall 3828 (2023) Kat:3, Licht: 0,3828,3,5,1,07,12,2,,0,0,1,0,0
"POINT (9.835413804000041 52.424406803000068)",Unfall 3829 (2023) Kat:3, Licht: 0,3829,3,3,5,07,07,2,,0,1,0,0,0
"POINT (9.683824937000054 52.344993261000070)",Unfall 3830 (2023) Kat:2, Licht: 0,3830,2,7,0,07,12,2,,0,1,0,0,0
"POINT (9.461927384000035 52.498343058000046)",Unfall 3831 (2023) Kat:2, Licht: 0,3831,2,7,5,07,19,2,,0,0,1,0,0
"POINT (9.731537488000072 52.437410666000062)",Unfall 3832 (2023) Kat:3, Licht: 0,3832,3,7,5,07,16,2,,0,1,1,0,0
"POINT (9.718716386000040 52.380846693000080)",Unfall 3833 (2023) Kat:3, Licht: 0,3833,3,3,0,07,17,2,,0,0,1,0,1
"POINT (9.821157169000060 52.346093833000054)",Unfall 3834 (2023) Kat:3, Licht: 0,3834,3,3,5,07,07,2,,0,0,1,0,0
"POINT (9.693788833000042 52.400961608000046)",Unfall 3835 (2023) Kat:3, Licht: 0,3835,3,3,5,08,17,7,,0,1,1,0,0
"POINT (9.750165630000026 52.349257451000028)",Unfall 3836 (2023) Kat:3, Licht: 0,3836,3,2,5,07,13,1,,0,0,1,0,1
"POINT (9.741056748000062 52.448728499000026)",Unfall 3837 (2023) Kat:3, Licht: 0,3837,3,1,6,07,18,1,,0,0,1,1,0
"POINT (9.836864015000060 52.424346813000056)",Unfall 3838 (2023) Kat:3, Licht: 0,3838,3,7,6,07,07,1,,0,0,1,1,0
"POINT (10.210761145000049 52.467696678000038)",Unfall 3839 (2023) Kat:3, Licht: 0,3839,3,7,7,07,20,1,,0,1,0,0,0
"POINT (9.853299350000043 52.369443135000040)",Unfall 3840 (2023) Kat:3, Licht: 0,3840,3,6,3,07,16,1,,0,1,0,0,0
"POINT (9.809102528000039 52.369938385000069)",Unfall 3841 (2023) Kat:3, Licht: 0,3841,3,5,1,07,14,1,,0,0,1,0,1
"POINT (9.721640072000071 52.354733003000035)",Unfall 3842 (2023) Kat:3, Licht: 0,3842,3,3,5,07,13,7,,0,0,1,0,0
"POINT (9.701420946000042 52.408757025000057)",Unfall 3843 (2023) Kat:3, Licht: 0,3843,3,3,5,07,14,7,,0,1,1,0,0
"POINT (9.826647797000021 52.289597977000028)",Unfall 3844 (2023) Kat:3, Licht: 0,3844,3,2,6,07,18,7,,0,0,1,1,0
"POINT (9.503671589000021 52.332389475000070)",Unfall 3845 (2023) Kat:2, Licht: 0,3845,2,7,6,07,11,7,,0,0,0,1,0
"POINT (9.813312697000072 52.352366778000032)",Unfall 3846 (2023) Kat:3, Licht: 0,3846,3,5,1,08,16,6,,0,1,1,0,0
"POINT (9.732732874000021 52.344873026000073)",Unfall 3847 (2023) Kat:3, Licht: 0,3847,3,3,5,07,09,6,,0,1,0,0,0
"POINT (9.722476659000051 52.394801118000032)",Unfall 3848 (2023) Kat:3, Licht: 0,3848,3,3,5,08,16,4,,0,1,1,0,0
"POINT (9.729455711000071 52.378782618000059)",Unfall 3849 (2023) Kat:3, Licht: 0,3849,3,5,1,07,10,6,,0,1,1,0,0
"POINT (9.811460605000036 52.410938873000077)",Unfall 3850 (2023) Kat:3, Licht: 2,3850,3,7,8,07,02,6,,2,0,0,0,0
"POINT (9.601751619000026 52.419642367000051)",Unfall 3851 (2023) Kat:3, Licht: 0,3851,3,3,5,07,20,6,,0,1,1,0,0
"POINT (9.983811846000037 52.323979749000046)",Unfall 3852 (2023) Kat:3, Licht: 0,3852,3,2,2,07,14,6,,0,0,1,0,0
"POINT (9.719746386000054 52.367224757000031)",Unfall 3853 (2023) Kat:3, Licht: 0,3853,3,1,0,07,19,6,,0,1,0,0,0
"POINT (9.750497598000038 52.375279050000074)",Unfall 3854 (2023) Kat:3, Licht: 0,3854,3,6,2,09,09,2,,0,0,1,0,0
"POINT (9.754206110000041 52.413409738000041)",Unfall 3855 (2023) Kat:3, Licht: 0,3855,3,6,4,09,11,2,,0,1,0,0,0
"POINT (9.607413400000041 52.311537098000031)",Unfall 3856 (2023) Kat:3, Licht: 0,3856,3,6,3,09,14,2,,0,1,1,0,0
"POINT (9.759056979000036 52.395968768000046)",Unfall 3857 (2023) Kat:3, Licht: 0,3857,3,5,1,09,20,2,,0,1,1,0,0
"POINT (9.803845435000028 52.391548913000065)",Unfall 3858 (2023) Kat:3, Licht: 0,3858,3,5,1,09,13,2,,0,0,1,0,0
"POINT (9.739173248000043 52.376951241000029)",Unfall 3859 (2023) Kat:3, Licht: 2,3859,3,1,0,09,03,1,,2,0,0,0,0
"POINT (9.937176093000062 52.344401294000079)",Unfall 3860 (2023) Kat:2, Licht: 0,3860,2,5,1,09,15,1,,0,1,1,0,0
"POINT (10.005598959000054 52.455446728000027)",Unfall 3861 (2023) Kat:3, Licht: 0,3861,3,1,9,09,16,1,,0,0,0,0,1
"POINT (9.819383534000053 52.390433626000060)",Unfall 3862 (2023) Kat:3, Licht: 0,3862,3,6,2,09,17,1,,0,0,1,0,0
"POINT (9.670614898000053 52.365016656000080)",Unfall 3863 (2023) Kat:3, Licht: 0,3863,3,7,0,09,09,7,,0,0,0,0,0
"POINT (9.733742070000062 52.379808836000052)",Unfall 3864 (2023) Kat:3, Licht: 0,3864,3,3,5,09,12,7,,0,1,1,0,0
"POINT (9.745526870000049 52.374920177000035)",Unfall 3865 (2023) Kat:3, Licht: 2,3865,3,7,0,09,20,6,,2,1,0,0,0
"POINT (9.710650414000042 52.370701311000062)",Unfall 3866 (2023) Kat:3, Licht: 0,3866,3,1,8,09,18,6,,0,1,0,0,0
"POINT (9.773008020000077 52.345235019000029)",Unfall 3867 (2023) Kat:3, Licht: 0,3867,3,3,5,09,11,6,,0,1,0,0,0
"POINT (9.755069731000049 52.447360542000069)",Unfall 3868 (2023) Kat:3, Licht: 0,3868,3,6,2,09,15,6,,0,0,1,0,0
"POINT (9.740812424000069 52.388427287000070)",Unfall 3869 (2023) Kat:2, Licht: 0,3869,2,2,6,09,11,6,,0,0,0,1,0
"POINT (9.692307767000045 52.398135985000067)",Unfall 3870 (2023) Kat:3, Licht: 1,3870,3,2,5,09,18,6,,1,1,1,0,0
"POINT (9.758879057000058 52.417299668000055)",Unfall 3871 (2023) Kat:3, Licht: 0,3871,3,4,6,09,13,6,,0,0,1,1,0
"POINT (9.762992581000049 52.369533813000032)",Unfall 3872 (2023) Kat:3, Licht: 2,3872,3,5,1,09,01,6,,2,0,1,0,0
"POINT (9.792604439000058 52.317693559000077)",Unfall 3873 (2023) Kat:3, Licht: 2,3873,3,1,8,09,21,5,,2,1,0,0,0
"POINT (9.815636408000046 52.395887755000047)",Unfall 3874 (2023) Kat:3, Licht: 0,3874,3,3,5,09,17,5,,0,1,1,0,0
"POINT (9.809737749000021 52.398074181000027)",Unfall 3875 (2023) Kat:3, Licht: 0,3875,3,6,2,09,16,5,,0,0,1,0,0
"POINT (9.738507448000064 52.363360627000077)",Unfall 3876 (2023) Kat:3, Licht: 2,3876,3,2,4,09,19,5,,2,1,1,0,0
"POINT (9.738882362000027 52.420924580000076)",Unfall 3877 (2023) Kat:3, Licht: 0,3877,3,3,5,09,12,5,,0,0,1,0,0
"POINT (9.813057427000047 52.359652372000028)",Unfall 3878 (2023) Kat:3, Licht: 2,3878,3,3,5,09,19,5,,2,1,1,0,0
"POINT (9.750331062000043 52.451773430000060)",Unfall 3879 (2023) Kat:3, Licht: 0,3879,3,5,1,09,08,5,,0,1,1,0,0
"POINT (9.841899881000074 52.428119657000082)",Unfall 3880 (2023) Kat:3, Licht: 1,3880,3,5,1,09,18,5,,1,0,1,0,0
"POINT (9.771501925000052 52.351460536000047)",Unfall 3881 (2023) Kat:3, Licht: 0,3881,3,6,2,09,15,5,,0,0,1,0,0
"POINT (9.814316283000039 52.331893217000072)",Unfall 3882 (2023) Kat:3, Licht: 0,3882,3,2,4,09,16,5,,0,0,1,0,0
"POINT (9.716062894000061 52.362434650000068)",Unfall 3883 (2023) Kat:3, Licht: 2,3883,3,2,6,09,05,5,,2,0,0,1,0
"POINT (9.684715874000062 52.395979523000051)",Unfall 3884 (2023) Kat:3, Licht: 0,3884,3,7,7,09,12,4,,0,0,1,0,0
"POINT (9.718060539000021 52.361912494000080)",Unfall 3885 (2023) Kat:3, Licht: 0,3885,3,2,5,09,07,4,,0,1,1,0,0
"POINT (9.620594139000048 52.214252292000026)",Unfall 3886 (2023) Kat:3, Licht: 0,3886,3,3,5,09,07,4,,0,0,1,0,0
"POINT (9.616814777000059 52.424164483000027)",Unfall 3887 (2023) Kat:3, Licht: 0,3887,3,3,5,09,08,4,,0,1,1,0,0
"POINT (9.735847269000033 52.370591209000054)",Unfall 3888 (2023) Kat:3, Licht: 0,3888,3,5,1,09,17,4,,0,1,1,0,0
"POINT (9.723145456000054 52.387389806000044)",Unfall 3889 (2023) Kat:3, Licht: 0,3889,3,7,6,09,09,3,,0,0,1,1,0
"POINT (9.852742984000031 52.391928422000035)",Unfall 3890 (2023) Kat:3, Licht: 0,3890,3,7,0,09,14,3,,0,1,0,0,0
"POINT (9.762415399000076 52.410288420000029)",Unfall 3891 (2023) Kat:3, Licht: 1,3891,3,6,3,09,19,3,,1,0,1,0,0
"POINT (9.976785461000077 52.376792786000067)",Unfall 3892 (2023) Kat:3, Licht: 0,3892,3,5,1,09,18,3,,0,0,1,0,0
"POINT (10.192572532000042 52.457945566000035)",Unfall 3893 (2023) Kat:3, Licht: 0,3893,3,7,9,09,16,3,,0,0,0,0,0
"POINT (9.589083323000068 52.418960290000030)",Unfall 3894 (2023) Kat:2, Licht: 0,3894,2,6,2,09,17,3,,0,1,0,0,0
"POINT (9.751793158000055 52.373021439000070)",Unfall 3895 (2023) Kat:2, Licht: 0,3895,2,3,5,09,17,3,,0,1,1,0,0
"POINT (9.665819788000022 52.401759054000081)",Unfall 3896 (2023) Kat:3, Licht: 1,3896,3,3,5,09,19,1,,1,1,1,0,0
"POINT (9.811616678000064 52.388942646000032)",Unfall 3897 (2023) Kat:3, Licht: 0,3897,3,7,6,09,10,2,,0,0,1,1,0
"POINT (9.739405747000035 52.375094242000046)",Unfall 3898 (2023) Kat:3, Licht: 0,3898,3,6,0,09,11,2,,0,1,0,1,0
"POINT (9.713276942000050 52.371448067000074)",Unfall 3899 (2023) Kat:3, Licht: 0,3899,3,7,0,09,14,2,,0,1,0,0,0
"POINT (9.458126690000029 52.512525522000033)",Unfall 3900 (2023) Kat:2, Licht: 0,3900,2,4,6,09,17,2,,0,0,1,1,0
"POINT (9.728308071000072 52.430250822000062)",Unfall 3901 (2023) Kat:3, Licht: 0,3901,3,3,4,09,15,2,,0,1,1,0,0
"POINT (9.888184352000053 52.468758603000026)",Unfall 3902 (2023) Kat:3, Licht: 0,3902,3,3,5,09,13,2,,0,1,0,0,0
"POINT (9.795856755000045 52.404603243000054)",Unfall 3903 (2023) Kat:3, Licht: 0,3903,3,3,5,09,17,2,,0,1,1,0,0
"POINT (9.741677794000054 52.380240043000072)",Unfall 3904 (2023) Kat:3, Licht: 0,3904,3,3,5,09,11,2,,0,1,0,0,0
"POINT (9.739943279000045 52.450035175000039)",Unfall 3905 (2023) Kat:3, Licht: 0,3905,3,7,0,09,17,1,,0,1,0,0,0
"POINT (9.753962895000029 52.379431644000078)",Unfall 3906 (2023) Kat:3, Licht: 0,3906,3,2,0,09,11,1,,0,1,1,0,0
"POINT (9.768825035000077 52.338135906000048)",Unfall 3907 (2023) Kat:3, Licht: 0,3907,3,2,4,09,17,7,,0,1,1,0,0
"POINT (9.749308453000026 52.399344398000039)",Unfall 3908 (2023) Kat:3, Licht: 0,3908,3,7,9,09,17,7,,0,1,0,0,0
"POINT (9.764195463000021 52.381228472000032)",Unfall 3909 (2023) Kat:3, Licht: 0,3909,3,2,3,09,12,7,,0,1,1,0,0
"POINT (9.434551749000036 52.414362557000061)",Unfall 3910 (2023) Kat:3, Licht: 0,3910,3,3,5,09,17,7,,0,1,1,0,0
"POINT (9.855564978000075 52.436465279000060)",Unfall 3911 (2023) Kat:3, Licht: 0,3911,3,6,2,09,12,7,,0,0,1,0,0
"POINT (9.714570446000039 52.367356155000039)",Unfall 3912 (2023) Kat:3, Licht: 2,3912,3,5,1,09,05,7,,2,1,0,0,0
"POINT (9.730952180000031 52.394992557000080)",Unfall 3913 (2023) Kat:3, Licht: 0,3913,3,3,5,09,09,6,,0,0,1,0,0
"POINT (9.719911282000055 52.391697017000070)",Unfall 3914 (2023) Kat:3, Licht: 0,3914,3,3,5,09,07,6,,0,0,1,0,0
"POINT (9.834257786000023 52.383844192000026)",Unfall 3915 (2023) Kat:3, Licht: 2,3915,3,6,2,09,00,6,,2,0,0,0,0
"POINT (9.838483402000065 52.392974096000046)",Unfall 3916 (2023) Kat:3, Licht: 0,3916,3,3,5,09,16,6,,0,1,1,0,0
"POINT (9.675756984000031 52.356776165000042)",Unfall 3917 (2023) Kat:3, Licht: 0,3917,3,7,1,09,18,6,,0,1,1,0,0
"POINT (9.678006495000034 52.395678227000076)",Unfall 3918 (2023) Kat:3, Licht: 0,3918,3,2,5,09,12,6,,0,0,1,0,0
"POINT (9.738914418000036 52.390728345000070)",Unfall 3919 (2023) Kat:3, Licht: 0,3919,3,4,6,09,13,6,,0,0,1,1,0
"POINT (9.759189528000036 52.361706409000078)",Unfall 3920 (2023) Kat:3, Licht: 1,3920,3,2,5,09,19,5,,1,1,1,0,0
"POINT (9.734566094000058 52.379933946000051)",Unfall 3921 (2023) Kat:3, Licht: 0,3921,3,3,5,09,08,5,,0,1,1,0,0
"POINT (9.705253021000033 52.373476372000027)",Unfall 3922 (2023) Kat:3, Licht: 2,3922,3,5,1,09,20,5,,2,1,1,0,0
"POINT (9.763551885000027 52.368847297000059)",Unfall 3923 (2023) Kat:3, Licht: 0,3923,3,2,3,09,16,4,,0,1,0,0,0
"POINT (9.739135746000045 52.370583356000054)",Unfall 3924 (2023) Kat:3, Licht: 0,3924,3,5,1,09,15,4,,0,1,1,0,0
"POINT (9.763047536000045 52.407700538000029)",Unfall 3925 (2023) Kat:3, Licht: 0,3925,3,7,0,09,15,4,,0,1,0,0,0
"POINT (9.782097989000022 52.325278542000035)",Unfall 3926 (2023) Kat:3, Licht: 0,3926,3,7,0,09,12,4,,0,1,0,1,0
"POINT (9.788581510000029 52.331001131000050)",Unfall 3927 (2023) Kat:3, Licht: 0,3927,3,2,3,09,16,4,,0,1,1,0,0
"POINT (9.731311698000070 52.547450919000028)",Unfall 3928 (2023) Kat:3, Licht: 0,3928,3,3,5,09,10,4,,0,1,1,0,0
"POINT (9.741368977000036 52.436156651000033)",Unfall 3929 (2023) Kat:3, Licht: 0,3929,3,1,0,09,16,4,,0,1,0,0,0
"POINT (9.728328197000053 52.459903045000033)",Unfall 3930 (2023) Kat:3, Licht: 0,3930,3,6,2,09,08,4,,0,0,1,0,0
"POINT (10.026001137000037 52.450985618000061)",Unfall 3931 (2023) Kat:3, Licht: 0,3931,3,1,0,09,07,4,,0,1,0,0,0
"POINT (9.597927654000046 52.420649184000069)",Unfall 3932 (2023) Kat:3, Licht: 0,3932,3,1,0,09,13,3,,0,0,0,0,1
"POINT (9.740711463000025 52.377718072000050)",Unfall 3933 (2023) Kat:3, Licht: 2,3933,3,7,0,09,23,3,,2,1,0,0,0
"POINT (9.798055465000061 52.422387634000074)",Unfall 3934 (2023) Kat:3, Licht: 1,3934,3,1,0,09,06,3,,1,0,0,0,0
"POINT (9.721379236000075 52.387487662000069)",Unfall 3935 (2023) Kat:3, Licht: 0,3935,3,5,1,09,16,6,,0,0,1,0,0
"POINT (9.454267029000050 52.508748613000080)",Unfall 3936 (2023) Kat:3, Licht: 2,3936,3,1,0,09,05,2,,2,1,0,0,0
"POINT (9.595554077000031 52.414835054000037)",Unfall 3937 (2023) Kat:3, Licht: 0,3937,3,6,6,09,19,2,,0,0,1,1,0
"POINT (9.979087816000060 52.376780644000064)",Unfall 3938 (2023) Kat:3, Licht: 0,3938,3,7,2,09,15,2,,0,0,1,0,0
"POINT (9.741948853000054 52.460074695000060)",Unfall 3939 (2023) Kat:3, Licht: 0,3939,3,3,0,09,13,2,,0,0,1,0,0
"POINT (9.837015116000032 52.421237053000027)",Unfall 3940 (2023) Kat:3, Licht: 0,3940,3,1,0,09,11,2,,0,1,0,0,0
"POINT (9.743908246000046 52.411301015000049)",Unfall 3941 (2023) Kat:3, Licht: 0,3941,3,3,5,09,19,2,,0,0,1,0,0
"POINT (9.757965540000043 52.396031686000072)",Unfall 3942 (2023) Kat:3, Licht: 0,3942,3,2,0,09,16,2,,0,1,0,0,0
"POINT (9.738640830000065 52.381398969000031)",Unfall 3943 (2023) Kat:3, Licht: 0,3943,3,3,5,09,13,2,,0,1,1,0,0
"POINT (9.597737334000044 52.421254458000078)",Unfall 3944 (2023) Kat:3, Licht: 0,3944,3,7,0,09,07,3,,0,1,0,0,0
"POINT (9.754989525000042 52.363107102000072)",Unfall 3945 (2023) Kat:3, Licht: 2,3945,3,1,0,09,01,1,,2,1,0,0,0
"POINT (9.413817077000033 52.333876950000047)",Unfall 3946 (2023) Kat:3, Licht: 1,3946,3,1,8,09,20,1,,1,0,0,0,1
"POINT (9.745738527000071 52.592236934000027)",Unfall 3947 (2023) Kat:3, Licht: 0,3947,3,3,5,09,11,1,,0,1,1,0,0
"POINT (9.657275650000031 52.386499907000029)",Unfall 3948 (2023) Kat:3, Licht: 0,3948,3,1,0,09,17,1,,0,1,0,0,0
"POINT (9.542098761000034 52.209917114000064)",Unfall 3949 (2023) Kat:3, Licht: 2,3949,3,3,5,09,20,7,,2,0,1,0,0
"POINT (9.754913509000062 52.433039389000044)",Unfall 3950 (2023) Kat:3, Licht: 0,3950,3,2,2,09,12,7,,0,1,0,0,0
"POINT (9.809202432000063 52.321476521000079)",Unfall 3951 (2023) Kat:3, Licht: 0,3951,3,3,5,09,17,7,,0,0,1,0,0
"POINT (9.771249853000029 52.265621345000056)",Unfall 3952 (2023) Kat:3, Licht: 0,3952,3,3,5,09,15,4,,0,0,1,0,0
"POINT (9.611738753000054 52.446945480000068)",Unfall 3953 (2023) Kat:3, Licht: 0,3953,3,3,5,09,13,2,,0,1,1,0,0
"POINT (9.720267105000062 52.375332574000026)",Unfall 3954 (2023) Kat:3, Licht: 2,3954,3,7,0,09,23,6,,2,1,0,0,0
"POINT (9.739569429000028 52.379465134000043)",Unfall 3955 (2023) Kat:3, Licht: 0,3955,3,2,4,09,11,6,,0,1,1,0,0
"POINT (9.383736216000045 52.471052870000051)",Unfall 3956 (2023) Kat:3, Licht: 0,3956,3,1,0,09,12,6,,0,1,0,0,0
"POINT (9.458880197000042 52.301836354000045)",Unfall 3957 (2023) Kat:3, Licht: 0,3957,3,2,5,09,10,6,,0,0,1,0,0
"POINT (9.842196052000077 52.430723863000026)",Unfall 3958 (2023) Kat:3, Licht: 0,3958,3,6,2,09,07,6,,0,1,0,0,0
"POINT (9.771601026000042 52.360042394000061)",Unfall 3959 (2023) Kat:3, Licht: 0,3959,3,6,3,09,12,6,,0,1,0,0,0
"POINT (9.703531102000056 52.375607074000072)",Unfall 3960 (2023) Kat:3, Licht: 0,3960,3,3,5,09,13,6,,0,0,1,0,0
"POINT (10.000765288000025 52.446133211000074)",Unfall 3961 (2023) Kat:3, Licht: 0,3961,3,7,0,09,19,2,,0,1,0,0,0
"POINT (9.821804481000072 52.403986693000036)",Unfall 3962 (2023) Kat:3, Licht: 0,3962,3,5,0,09,08,5,,0,1,0,0,0
"POINT (9.809192280000048 52.347744544000079)",Unfall 3963 (2023) Kat:3, Licht: 0,3963,3,3,5,09,08,5,,0,1,1,0,0
"POINT (9.745808692000026 52.378707886000029)",Unfall 3964 (2023) Kat:3, Licht: 0,3964,3,6,4,09,11,5,,0,1,0,1,0
"POINT (9.706980557000065 52.370145932000071)",Unfall 3965 (2023) Kat:2, Licht: 1,3965,2,3,5,09,19,5,,1,0,1,0,1
"POINT (9.739930763000075 52.366710933000036)",Unfall 3966 (2023) Kat:3, Licht: 0,3966,3,3,5,09,09,5,,0,1,0,0,0
"POINT (9.667465627000070 52.415457077000042)",Unfall 3967 (2023) Kat:3, Licht: 0,3967,3,7,9,09,14,4,,0,0,1,0,0
"POINT (9.732957091000060 52.392038511000067)",Unfall 3968 (2023) Kat:3, Licht: 0,3968,3,7,1,09,07,4,,0,1,1,0,0
"POINT (9.728567984000051 52.370456712000077)",Unfall 3969 (2023) Kat:3, Licht: 0,3969,3,7,0,09,14,4,,0,0,0,0,0
"POINT (9.764195463000021 52.381228472000032)",Unfall 3970 (2023) Kat:3, Licht: 0,3970,3,7,0,09,12,4,,0,1,0,0,0
"POINT (9.561106933000076 52.401922759000058)",Unfall 3971 (2023) Kat:3, Licht: 0,3971,3,5,1,09,07,4,,0,1,1,0,0
"POINT (9.606696751000072 52.449351709000041)",Unfall 3972 (2023) Kat:3, Licht: 0,3972,3,3,5,09,17,4,,0,0,1,0,0
"POINT (9.857335634000037 52.492305548000047)",Unfall 3973 (2023) Kat:3, Licht: 0,3973,3,1,0,09,15,4,,0,1,0,0,0
"POINT (9.594141723000064 52.421012928000039)",Unfall 3974 (2023) Kat:2, Licht: 0,3974,2,7,0,09,15,4,,0,1,0,0,0
"POINT (9.701092121000045 52.341393494000044)",Unfall 3975 (2023) Kat:3, Licht: 0,3975,3,2,5,09,11,4,,0,1,1,0,0
"POINT (9.683333457000060 52.345699830000058)",Unfall 3976 (2023) Kat:3, Licht: 0,3976,3,3,5,09,12,4,,0,1,1,0,0
"POINT (9.652190767000036 52.415336997000054)",Unfall 3977 (2023) Kat:3, Licht: 0,3977,3,2,3,09,15,3,,0,1,1,0,0
"POINT (9.833408684000062 52.385039461000076)",Unfall 3978 (2023) Kat:3, Licht: 0,3978,3,5,0,09,14,3,,0,1,0,0,0
"POINT (9.771363980000046 52.351737633000027)",Unfall 3979 (2023) Kat:3, Licht: 0,3979,3,6,2,09,15,3,,0,0,1,0,0
"POINT (9.755891342000041 52.442478178000044)",Unfall 3980 (2023) Kat:3, Licht: 0,3980,3,5,1,09,15,3,,0,1,1,0,0
"POINT (10.010573883000063 52.446188971000026)",Unfall 3981 (2023) Kat:3, Licht: 0,3981,3,1,0,09,19,3,,0,0,0,0,1