WKT,Name,OBJECTID,UKATEGORIE,UTYP1,UART,UMONAT,USTUNDE,UWOCHENTAG,STRZUSTAND,ULICHTVERH,ISTRAD,ISTPKW,ISTFUSS,ISTKRAD
"POINT (9.745152677000021 52.355500265000046)",Unfall 3982 (2023) Kat:2, Licht: 0,3982,2,7,0,09,18,3,,0,0,1,0,1
"POINT (9.480909867000037 52.507163528000035)",Unfall 3983 (2023) Kat:3, Licht: 0,3983,3,7,0,09,12,3,,0,0,1,0,0
"POINT (9.748437237000076 52.354650812000045)",Unfall 3984 (2023) Kat:3, Licht: 0,3984,3,7,0,09,17,2,,0,1,0,0,0
"POINT (9.727066036000053 52.351583911000034)",Unfall 3985 (2023) Kat:3, Licht: 0,3985,3,2,5,09,07,2,,0,1,1,0,0
"POINT (9.744898302000024 52.384848020000049)",Unfall 3986 (2023) Kat:3, Licht: 0,3986,3,5,1,09,10,2,,0,1,1,0,0
"POINT (9.446443924000050 52.502206073000082)",Unfall 3987 (2023) Kat:3, Licht: 0,3987,3,7,8,09,11,2,,0,1,0,0,0
"POINT (9.615936190000070 52.408118735000073)",Unfall 3988 (2023) Kat:3, Licht: 0,3988,3,5,4,09,15,2,,0,1,1,0,0
"POINT (9.789998095000044 52.315142724000054)",Unfall 3989 (2023) Kat:3, Licht: 0,3989,3,3,5,09,18,2,,0,1,1,0,0
"POINT (9.752619015000050 52.376277457000072)",Unfall 3990 (2023) Kat:3, Licht: 0,3990,3,3,0,09,12,2,,0,1,1,0,0
"POINT (9.436209545000054 52.425638216000038)",Unfall 3991 (2023) Kat:3, Licht: 0,3991,3,5,1,09,15,1,,0,1,1,0,0
"POINT (9.727859401000046 52.389561366000066)",Unfall 3992 (2023) Kat:3, Licht: 0,3992,3,7,0,09,12,7,,0,0,0,0,0
"POINT (9.813937366000062 52.410815847000038)",Unfall 3993 (2023) Kat:3, Licht: 0,3993,3,7,0,09,16,7,,0,1,0,0,0
"POINT (9.781694620000053 52.400382770000078)",Unfall 3994 (2023) Kat:3, Licht: 0,3994,3,1,1,09,11,7,,0,0,1,0,0
"POINT (9.729158035000069 52.432495299000038)",Unfall 3995 (2023) Kat:3, Licht: 2,3995,3,6,2,09,03,7,,2,1,1,0,0
"POINT (9.695764050000037 52.408943234000049)",Unfall 3996 (2023) Kat:3, Licht: 0,3996,3,2,2,09,16,7,,0,1,1,0,0
"POINT (9.679052690000049 52.394540281000047)",Unfall 3997 (2023) Kat:3, Licht: 0,3997,3,7,5,09,08,6,,0,0,1,0,0
"POINT (9.731367075000037 52.423470698000074)",Unfall 3998 (2023) Kat:3, Licht: 0,3998,3,3,5,09,11,6,,0,0,1,0,0
"POINT (9.753433335000068 52.382832187000076)",Unfall 3999 (2023) Kat:3, Licht: 0,3999,3,2,0,09,15,6,,0,1,1,0,0
"POINT (9.742238679000025 52.375465730000030)",Unfall 4000 (2023) Kat:3, Licht: 0,4000,3,1,0,09,19,6,,0,1,0,0,0
"POINT (9.741556880000076 52.383899814000074)",Unfall 4001 (2023) Kat:3, Licht: 2,4001,3,3,5,09,23,6,,2,0,1,0,0
"POINT (9.765296265000075 52.367704330000038)",Unfall 4002 (2023) Kat:3, Licht: 0,4002,3,3,5,08,08,5,,0,0,1,0,0
"POINT (9.734139549000076 52.375408757000059)",Unfall 4003 (2023) Kat:3, Licht: 0,4003,3,4,6,08,14,5,,0,0,1,1,0
"POINT (9.727697008000064 52.426789872000029)",Unfall 4004 (2023) Kat:3, Licht: 0,4004,3,7,0,08,18,5,,0,0,1,1,0
"POINT (10.024540746000071 52.445590358000061)",Unfall 4005 (2023) Kat:2, Licht: 0,4005,2,7,0,08,12,5,,0,1,0,0,0
"POINT (9.823937104000038 52.384034757000052)",Unfall 4006 (2023) Kat:3, Licht: 0,4006,3,6,2,08,15,4,,0,1,1,0,1
"POINT (9.705113936000032 52.367020131000061)",Unfall 4007 (2023) Kat:3, Licht: 1,4007,3,6,3,08,20,4,,1,1,1,0,0
"POINT (9.990304562000063 52.450131007000039)",Unfall 4008 (2023) Kat:3, Licht: 0,4008,3,3,0,08,07,4,,0,0,1,0,0
"POINT (9.428842761000055 52.595349450000072)",Unfall 4009 (2023) Kat:1, Licht: 0,4009,1,1,9,08,08,4,,0,0,1,0,0
"POINT (9.750047312000049 52.358916302000068)",Unfall 4010 (2023) Kat:2, Licht: 0,4010,2,4,6,08,17,4,,0,0,1,1,0
"POINT (9.720679533000066 52.335715711000034)",Unfall 4011 (2023) Kat:3, Licht: 2,4011,3,1,0,08,22,3,,2,1,1,0,0
"POINT (9.702991491000034 52.375054725000041)",Unfall 4012 (2023) Kat:3, Licht: 0,4012,3,5,3,08,13,3,,0,0,1,0,0
"POINT (9.730690355000036 52.324216333000038)",Unfall 4013 (2023) Kat:3, Licht: 0,4013,3,2,5,08,08,3,,0,1,1,0,0
"POINT (9.723563341000045 52.324958717000072)",Unfall 4014 (2023) Kat:3, Licht: 0,4014,3,3,5,08,16,3,,0,0,1,0,0
"POINT (9.982295745000044 52.381339077000064)",Unfall 4015 (2023) Kat:3, Licht: 0,4015,3,3,5,08,17,3,,0,1,1,0,0
"POINT (9.838291283000046 52.340985201000080)",Unfall 4016 (2023) Kat:3, Licht: 2,4016,3,7,0,08,22,3,,2,0,1,0,1
"POINT (9.725499935000073 52.398565122000036)",Unfall 4017 (2023) Kat:3, Licht: 0,4017,3,3,5,09,14,5,,0,1,0,0,0
"POINT (9.802447877000077 52.377359015000081)",Unfall 4018 (2023) Kat:3, Licht: 0,4018,3,4,6,08,18,3,,0,0,1,1,0
"POINT (9.754295940000077 52.368614059000038)",Unfall 4019 (2023) Kat:3, Licht: 0,4019,3,3,5,08,11,2,,0,1,1,0,0
"POINT (9.688599279000073 52.392698131000031)",Unfall 4020 (2023) Kat:3, Licht: 0,4020,3,7,4,08,12,2,,0,0,1,0,0
"POINT (9.694052240000076 52.344885618000035)",Unfall 4021 (2023) Kat:3, Licht: 2,4021,3,7,8,08,03,2,,2,0,1,0,0
"POINT (9.705020076000039 52.377314230000081)",Unfall 4022 (2023) Kat:3, Licht: 0,4022,3,5,1,08,07,2,,0,1,1,0,0
"POINT (10.097190411000042 52.387776671000040)",Unfall 4023 (2023) Kat:3, Licht: 0,4023,3,3,0,08,17,2,,0,1,1,0,0
"POINT (9.739398348000066 52.453241885000068)",Unfall 4024 (2023) Kat:3, Licht: 0,4024,3,3,5,08,17,2,,0,0,1,0,0
"POINT (9.775704817000076 52.403845638000064)",Unfall 4025 (2023) Kat:3, Licht: 0,4025,3,4,6,08,16,2,,0,0,1,1,0
"POINT (9.716695235000032 52.333817496000052)",Unfall 4026 (2023) Kat:3, Licht: 0,4026,3,6,2,08,16,2,,0,0,1,0,0
"POINT (9.972368423000034 52.364773556000046)",Unfall 4027 (2023) Kat:3, Licht: 1,4027,3,2,6,09,19,5,,1,0,1,1,0
"POINT (9.720398978000048 52.391461739000079)",Unfall 4028 (2023) Kat:3, Licht: 0,4028,3,7,0,08,17,1,,0,1,0,0,0
"POINT (9.746259910000049 52.373983351000049)",Unfall 4029 (2023) Kat:3, Licht: 0,4029,3,5,1,08,14,1,,0,1,1,0,0
"POINT (9.730481223000027 52.391250844000069)",Unfall 4030 (2023) Kat:3, Licht: 0,4030,3,2,4,09,18,1,,0,1,1,0,0
"POINT (9.757085769000071 52.364433198000029)",Unfall 4031 (2023) Kat:3, Licht: 0,4031,3,1,0,08,12,7,,0,0,0,0,1
"POINT (9.727487575000055 52.376898814000072)",Unfall 4032 (2023) Kat:3, Licht: 0,4032,3,6,4,08,10,7,,0,1,1,0,0
"POINT (9.764287016000026 52.395889122000028)",Unfall 4033 (2023) Kat:3, Licht: 0,4033,3,1,0,08,16,7,,0,1,0,0,0
"POINT (9.401157357000045 52.455670696000027)",Unfall 4034 (2023) Kat:3, Licht: 0,4034,3,5,3,08,10,7,,0,0,1,0,0
"POINT (9.425099670000066 52.430596055000080)",Unfall 4035 (2023) Kat:3, Licht: 0,4035,3,1,0,08,19,7,,0,1,0,0,0
"POINT (10.007469777000040 52.446820386000070)",Unfall 4036 (2023) Kat:3, Licht: 0,4036,3,4,6,08,15,7,,0,0,1,1,0
"POINT (9.771921267000039 52.417215935000058)",Unfall 4037 (2023) Kat:3, Licht: 0,4037,3,3,5,08,15,7,,0,1,0,0,0
"POINT (9.712883798000064 52.371044839000035)",Unfall 4038 (2023) Kat:3, Licht: 0,4038,3,4,6,08,14,7,,0,0,0,1,0
"POINT (9.966143813000031 52.378142945000036)",Unfall 4039 (2023) Kat:3, Licht: 0,4039,3,4,6,09,09,5,,0,0,1,1,0
"POINT (9.807333169000060 52.301486113000067)",Unfall 4040 (2023) Kat:3, Licht: 2,4040,3,7,1,08,03,6,,2,0,1,0,0
"POINT (9.725032358000021 52.346463756000048)",Unfall 4041 (2023) Kat:3, Licht: 0,4041,3,5,1,08,13,6,,0,1,0,0,0
"POINT (9.723276993000070 52.372345493000068)",Unfall 4042 (2023) Kat:3, Licht: 0,4042,3,6,3,08,11,6,,0,0,1,0,0
"POINT (9.457341191000069 52.422779655000056)",Unfall 4043 (2023) Kat:3, Licht: 0,4043,3,3,0,08,13,6,,0,0,1,0,0
"POINT (9.460233143000039 52.507721798000034)",Unfall 4044 (2023) Kat:3, Licht: 0,4044,3,6,2,08,10,6,,0,0,1,0,0
"POINT (9.610191642000075 52.416104092000069)",Unfall 4045 (2023) Kat:3, Licht: 0,4045,3,2,4,08,17,6,,0,0,1,0,0
"POINT (9.792231253000068 52.396697683000070)",Unfall 4046 (2023) Kat:3, Licht: 0,4046,3,6,3,09,11,4,,0,1,0,0,0
"POINT (9.756380170000057 52.394478428000070)",Unfall 4047 (2023) Kat:3, Licht: 2,4047,3,3,5,08,03,6,,2,0,1,0,0
"POINT (9.798678491000032 52.334603258000072)",Unfall 4048 (2023) Kat:3, Licht: 0,4048,3,3,0,09,14,7,,0,0,1,0,0
"POINT (9.669850622000070 52.347927247000030)",Unfall 4049 (2023) Kat:3, Licht: 0,4049,3,6,2,08,16,5,,0,0,1,0,0
"POINT (9.852444299000069 52.400320016000080)",Unfall 4050 (2023) Kat:3, Licht: 0,4050,3,7,9,08,18,2,,0,0,1,0,0
"POINT (9.660532219000061 52.380067250000081)",Unfall 4051 (2023) Kat:3, Licht: 0,4051,3,1,6,11,09,4,,0,0,1,1,0
"POINT (9.659023281000032 52.405831678000027)",Unfall 4052 (2023) Kat:3, Licht: 0,4052,3,7,0,11,11,4,,0,1,0,0,0
"POINT (9.799165209000023 52.408981533000031)",Unfall 4053 (2023) Kat:3, Licht: 0,4053,3,6,6,11,13,4,,0,0,1,1,0
"POINT (9.639757923000047 52.264421150000032)",Unfall 4054 (2023) Kat:3, Licht: 0,4054,3,2,2,11,07,4,,0,1,1,0,0
"POINT (9.720347292000042 52.436263604000033)",Unfall 4055 (2023) Kat:3, Licht: 0,4055,3,6,2,11,10,4,,0,0,1,0,0
"POINT (10.004554667000036 52.445947291000039)",Unfall 4056 (2023) Kat:3, Licht: 0,4056,3,7,0,11,08,4,,0,0,1,0,0
"POINT (9.802861295000071 52.401504854000052)",Unfall 4057 (2023) Kat:3, Licht: 0,4057,3,5,1,11,14,4,,0,1,1,0,0
"POINT (9.737852898000028 52.382019305000028)",Unfall 4058 (2023) Kat:3, Licht: 0,4058,3,1,0,11,08,4,,0,0,0,0,0
"POINT (9.769799867000074 52.397014073000037)",Unfall 4059 (2023) Kat:3, Licht: 2,4059,3,1,8,10,02,3,,2,0,1,0,0
"POINT (9.587975096000037 52.417186605000040)",Unfall 4060 (2023) Kat:3, Licht: 2,4060,3,2,5,10,19,3,,2,0,1,0,1
"POINT (9.762912417000052 52.360546993000071)",Unfall 4061 (2023) Kat:3, Licht: 0,4061,3,2,6,10,09,2,,0,0,1,1,0
"POINT (9.735846062000064 52.399323627000058)",Unfall 4062 (2023) Kat:3, Licht: 1,4062,3,2,5,10,21,2,,1,1,1,0,0
"POINT (9.720081606000065 52.375176765000049)",Unfall 4063 (2023) Kat:3, Licht: 0,4063,3,2,4,10,11,2,,0,1,1,0,0
"POINT (9.735273295000070 52.440053807000027)",Unfall 4064 (2023) Kat:3, Licht: 2,4064,3,3,5,10,07,2,,2,1,0,0,0
"POINT (9.741049788000055 52.395034655000075)",Unfall 4065 (2023) Kat:3, Licht: 1,4065,3,3,5,10,16,2,,1,1,1,0,0
"POINT (9.743195684000057 52.382442897000033)",Unfall 4066 (2023) Kat:3, Licht: 2,4066,3,3,5,10,23,2,,2,0,1,0,0
"POINT (9.717117937000069 52.341810770000052)",Unfall 4067 (2023) Kat:3, Licht: 2,4067,3,3,5,10,18,1,,2,0,1,0,0
"POINT (9.704522178000047 52.375107796000066)",Unfall 4068 (2023) Kat:3, Licht: 0,4068,3,7,0,10,16,1,,0,1,1,0,0
"POINT (9.746230120000064 52.479091443000073)",Unfall 4069 (2023) Kat:3, Licht: 0,4069,3,1,9,10,14,1,,0,0,1,0,0
"POINT (9.809897489000036 52.304962724000063)",Unfall 4070 (2023) Kat:3, Licht: 0,4070,3,5,0,10,16,7,,0,0,1,0,0
"POINT (9.709190893000027 52.341917213000045)",Unfall 4071 (2023) Kat:3, Licht: 2,4071,3,2,5,10,19,7,,2,0,1,0,0
"POINT (9.656641662000027 52.407511899000042)",Unfall 4072 (2023) Kat:3, Licht: 0,4072,3,1,0,10,12,7,,0,1,0,0,0
"POINT (9.684199133000050 52.393606871000031)",Unfall 4073 (2023) Kat:3, Licht: 2,4073,3,4,6,10,21,6,,2,0,0,1,0
"POINT (9.718466497000065 52.374420995000037)",Unfall 4074 (2023) Kat:3, Licht: 1,4074,3,7,0,10,07,6,,1,1,0,0,0
"POINT (9.669938696000031 52.363137071000040)",Unfall 4075 (2023) Kat:3, Licht: 0,4075,3,3,5,10,13,6,,0,1,1,0,0
"POINT (9.771094338000069 52.352279263000071)",Unfall 4076 (2023) Kat:1, Licht: 2,4076,1,6,6,10,18,6,,2,0,0,1,0
"POINT (9.767776649000041 52.358124943000064)",Unfall 4077 (2023) Kat:3, Licht: 2,4077,3,2,6,10,06,6,,2,0,1,1,0
"POINT (9.682682221000050 52.411712293000051)",Unfall 4078 (2023) Kat:3, Licht: 0,4078,3,3,0,10,13,5,,0,0,1,0,0
"POINT (9.610031444000072 52.424903065000080)",Unfall 4079 (2023) Kat:3, Licht: 2,4079,3,1,9,10,21,5,,2,0,1,0,0
"POINT (9.846585504000075 52.430758542000035)",Unfall 4080 (2023) Kat:3, Licht: 0,4080,3,2,4,10,08,5,,0,1,1,0,0
"POINT (9.847733816000073 52.484644447000051)",Unfall 4081 (2023) Kat:3, Licht: 2,4081,3,1,9,10,01,5,,2,0,1,0,0
"POINT (9.765408561000072 52.418220352000048)",Unfall 4082 (2023) Kat:2, Licht: 0,4082,2,4,6,10,11,5,,0,0,1,1,0
"POINT (9.738245426000049 52.381999332000078)",Unfall 4083 (2023) Kat:3, Licht: 2,4083,3,3,5,10,06,5,,2,0,1,0,0
"POINT (9.672623061000024 52.377126704000034)",Unfall 4084 (2023) Kat:3, Licht: 2,4084,3,3,5,10,05,5,,2,1,1,0,0
"POINT (9.689555785000039 52.326663390000078)",Unfall 4085 (2023) Kat:3, Licht: 0,4085,3,7,0,10,12,4,,0,0,0,0,1
"POINT (9.737435219000076 52.372108935000028)",Unfall 4086 (2023) Kat:3, Licht: 0,4086,3,6,0,10,10,4,,0,1,1,0,0
"POINT (9.711865940000052 52.370810167000059)",Unfall 4087 (2023) Kat:3, Licht: 2,4087,3,2,6,10,22,4,,2,0,1,1,0
"POINT (9.590292744000067 52.393927615000052)",Unfall 4088 (2023) Kat:3, Licht: 0,4088,3,3,5,10,08,4,,0,1,1,0,0
"POINT (9.459812569000064 52.300414662000037)",Unfall 4089 (2023) Kat:2, Licht: 0,4089,2,4,6,10,12,4,,0,0,1,1,0
"POINT (9.744134570000028 52.372759293000058)",Unfall 4090 (2023) Kat:3, Licht: 0,4090,3,1,0,10,13,6,,0,1,0,0,0
"POINT (9.790348210000047 52.408127623000041)",Unfall 4091 (2023) Kat:3, Licht: 2,4091,3,6,2,10,18,3,,2,0,1,0,0
"POINT (9.357448462000036 52.391742914000076)",Unfall 4092 (2023) Kat:3, Licht: 0,4092,3,1,8,10,11,3,,0,0,0,0,0
"POINT (10.014717818000065 52.382567921000032)",Unfall 4093 (2023) Kat:3, Licht: 2,4093,3,1,9,10,21,3,,2,0,1,0,0
"POINT (9.946089832000041 52.335392345000059)",Unfall 4094 (2023) Kat:3, Licht: 0,4094,3,5,5,10,14,3,,0,1,1,0,0
"POINT (9.736665186000039 52.412478302000068)",Unfall 4095 (2023) Kat:3, Licht: 2,4095,3,3,5,10,07,3,,2,1,1,0,0
"POINT (9.562081550000073 52.207958505000079)",Unfall 4096 (2023) Kat:3, Licht: 2,4096,3,4,6,10,19,2,,2,0,1,1,0
"POINT (9.738972815000068 52.368763245000082)",Unfall 4097 (2023) Kat:3, Licht: 0,4097,3,4,6,10,11,2,,0,1,0,1,0
"POINT (9.771451836000040 52.365050457000052)",Unfall 4098 (2023) Kat:3, Licht: 2,4098,3,6,2,10,02,1,,2,0,1,1,0
"POINT (9.718626694000022 52.331555543000036)",Unfall 4099 (2023) Kat:3, Licht: 2,4099,3,6,2,10,19,1,,2,0,1,0,0
"POINT (9.801190819000055 52.305458936000036)",Unfall 4100 (2023) Kat:3, Licht: 0,4100,3,2,6,10,14,7,,0,0,1,1,0
"POINT (9.812461115000076 52.386748474000058)",Unfall 4101 (2023) Kat:3, Licht: 0,4101,3,5,3,10,13,7,,0,1,1,0,0
"POINT (9.739572250000037 52.376880639000035)",Unfall 4102 (2023) Kat:3, Licht: 0,4102,3,7,0,10,13,7,,0,1,0,0,0
"POINT (9.663838139000063 52.378007228000058)",Unfall 4103 (2023) Kat:3, Licht: 0,4103,3,3,5,10,11,7,,0,0,1,0,0
"POINT (9.838707893000048 52.342022199000041)",Unfall 4104 (2023) Kat:3, Licht: 2,4104,3,3,5,10,18,7,,2,0,1,0,0
"POINT (9.769825756000046 52.417744595000045)",Unfall 4105 (2023) Kat:3, Licht: 0,4105,3,4,6,10,14,7,,0,0,1,1,0
"POINT (9.842218119000052 52.488897389000044)",Unfall 4106 (2023) Kat:3, Licht: 2,4106,3,7,1,10,06,6,,2,0,0,0,0
"POINT (9.586179407000031 52.429020158000071)",Unfall 4107 (2023) Kat:3, Licht: 0,4107,3,1,9,10,12,6,,0,0,1,0,0
"POINT (9.823897936000037 52.383464712000034)",Unfall 4108 (2023) Kat:3, Licht: 0,4108,3,3,5,10,15,6,,0,0,1,0,0
"POINT (9.725256090000073 52.396388802000047)",Unfall 4109 (2023) Kat:3, Licht: 0,4109,3,3,5,10,15,6,,0,0,1,0,0
"POINT (9.797780078000073 52.317866958000081)",Unfall 4110 (2023) Kat:3, Licht: 0,4110,3,6,2,10,16,5,,0,0,1,0,0
"POINT (9.788559388000067 52.371766858000058)",Unfall 4111 (2023) Kat:3, Licht: 0,4111,3,4,6,10,08,5,,0,0,1,1,0
"POINT (9.701242116000060 52.448540519000062)",Unfall 4112 (2023) Kat:3, Licht: 2,4112,3,2,3,10,06,5,,2,1,0,0,0
"POINT (9.734083756000075 52.375492688000065)",Unfall 4113 (2023) Kat:3, Licht: 2,4113,3,1,9,10,23,4,,2,0,0,0,0
"POINT (9.667826156000046 52.415561383000068)",Unfall 4114 (2023) Kat:3, Licht: 0,4114,3,6,6,10,08,5,,0,0,1,1,0
"POINT (9.737990338000031 52.440871381000079)",Unfall 4115 (2023) Kat:3, Licht: 1,4115,3,2,5,10,18,4,,1,0,1,0,1
"POINT (9.764259387000038 52.261571456000070)",Unfall 4116 (2023) Kat:3, Licht: 2,4116,3,2,6,10,05,3,,2,0,1,1,0
"POINT (9.612839649000023 52.445137991000081)",Unfall 4117 (2023) Kat:3, Licht: 0,4117,3,5,3,10,14,3,,0,0,1,0,1
"POINT (9.622560652000061 52.413158080000073)",Unfall 4118 (2023) Kat:3, Licht: 2,4118,3,1,9,10,18,2,,2,0,1,0,0
"POINT (9.732905037000023 52.374540425000077)",Unfall 4119 (2023) Kat:3, Licht: 0,4119,3,6,6,10,11,2,,0,0,0,1,0
"POINT (9.722270110000068 52.362689136000029)",Unfall 4120 (2023) Kat:3, Licht: 1,4120,3,2,3,10,17,2,,1,1,1,0,0
"POINT (9.628963231000057 52.411395243000072)",Unfall 4121 (2023) Kat:2, Licht: 2,4121,2,6,2,10,05,2,,2,0,1,0,1
"POINT (9.740546748000042 52.397571674000062)",Unfall 4122 (2023) Kat:3, Licht: 2,4122,3,1,0,10,19,1,,2,0,0,0,0
"POINT (10.082743228000027 52.483558932000051)",Unfall 4123 (2023) Kat:3, Licht: 2,4123,3,4,6,10,22,1,,2,0,1,1,0
"POINT (9.743855132000022 52.379313774000082)",Unfall 4124 (2023) Kat:3, Licht: 2,4124,3,4,6,10,01,1,,2,0,1,1,0
"POINT (9.795814657000051 52.321433029000048)",Unfall 4125 (2023) Kat:3, Licht: 0,4125,3,6,3,10,14,7,,0,0,1,0,0
"POINT (9.712695184000040 52.372530908000044)",Unfall 4126 (2023) Kat:3, Licht: 2,4126,3,3,5,10,22,7,,2,0,1,0,0
"POINT (9.478949739000029 52.305356356000061)",Unfall 4127 (2023) Kat:3, Licht: 0,4127,3,3,5,10,12,7,,0,0,1,0,0
"POINT (9.998277652000070 52.386632234000047)",Unfall 4128 (2023) Kat:3, Licht: 0,4128,3,1,9,10,15,7,,0,1,0,0,0
"POINT (9.754945028000066 52.436571666000077)",Unfall 4129 (2023) Kat:3, Licht: 0,4129,3,3,5,10,13,7,,0,1,1,0,0
"POINT (9.694992675000037 52.372431172000063)",Unfall 4130 (2023) Kat:3, Licht: 0,4130,3,4,6,10,13,7,,0,0,1,1,0
"POINT (9.743192003000047 52.396676566000053)",Unfall 4131 (2023) Kat:3, Licht: 2,4131,3,1,0,10,04,7,,2,1,0,0,0
"POINT (9.977616603000058 52.376807796000037)",Unfall 4132 (2023) Kat:3, Licht: 0,4132,3,4,6,10,14,4,,0,0,1,1,0
"POINT (9.772786647000032 52.364504859000078)",Unfall 4133 (2023) Kat:3, Licht: 0,4133,3,6,3,10,12,6,,0,0,1,0,1
"POINT (9.701453952000065 52.395904746000042)",Unfall 4134 (2023) Kat:2, Licht: 0,4134,2,2,5,10,12,6,,0,1,1,0,0
"POINT (9.721010169000067 52.361723776000076)",Unfall 4135 (2023) Kat:3, Licht: 2,4135,3,2,2,10,19,6,,2,0,1,0,0
"POINT (9.726658075000046 52.388641564000068)",Unfall 4136 (2023) Kat:3, Licht: 0,4136,3,5,3,10,12,6,,0,0,1,0,0
"POINT (9.730162403000065 52.376281142000039)",Unfall 4137 (2023) Kat:3, Licht: 2,4137,3,4,6,10,19,6,,2,1,0,1,0
"POINT (9.737635099000045 52.381776918000071)",Unfall 4138 (2023) Kat:3, Licht: 0,4138,3,6,4,10,18,6,,0,1,0,0,0
"POINT (9.790531479000038 52.407499148000056)",Unfall 4139 (2023) Kat:3, Licht: 0,4139,3,6,2,10,12,6,,0,0,1,0,0
"POINT (9.746943509000062 52.392679876000045)",Unfall 4140 (2023) Kat:3, Licht: 0,4140,3,2,3,10,09,6,,0,1,1,0,0
"POINT (9.439798355000050 52.417688996000038)",Unfall 4141 (2023) Kat:2, Licht: 0,4141,2,5,1,10,13,6,,0,1,1,0,0
"POINT (9.969166287000064 52.384730415000035)",Unfall 4142 (2023) Kat:3, Licht: 0,4142,3,5,1,10,15,6,,0,1,1,0,0
"POINT (9.735172185000067 52.362394474000041)",Unfall 4143 (2023) Kat:2, Licht: 2,4143,2,7,8,10,23,6,,2,0,0,0,0
"POINT (9.842979512000056 52.298968399000046)",Unfall 4144 (2023) Kat:3, Licht: 2,4144,3,2,4,10,05,5,,2,1,1,0,0
"POINT (9.719883058000050 52.387965141000052)",Unfall 4145 (2023) Kat:3, Licht: 0,4145,3,3,5,10,16,5,,0,1,1,0,0
"POINT (9.784192823000069 52.398273142000050)",Unfall 4146 (2023) Kat:3, Licht: 0,4146,3,6,2,10,08,5,,0,0,1,0,0
"POINT (9.821383390000051 52.341717797000058)",Unfall 4147 (2023) Kat:3, Licht: 2,4147,3,6,2,10,07,5,,2,0,1,0,0
"POINT (9.820569585000044 52.359727245000045)",Unfall 4148 (2023) Kat:3, Licht: 2,4148,3,6,2,10,18,5,,2,0,1,0,0
"POINT (9.737711269000044 52.382127125000068)",Unfall 4149 (2023) Kat:3, Licht: 0,4149,3,6,2,10,13,5,,0,0,1,0,1
"POINT (9.697439410000072 52.459110709000072)",Unfall 4150 (2023) Kat:3, Licht: 2,4150,3,1,0,10,18,5,,2,0,0,0,0
"POINT (9.850245291000022 52.491197346000035)",Unfall 4151 (2023) Kat:3, Licht: 0,4151,3,7,4,10,14,5,,0,0,1,0,0
"POINT (9.708151929000053 52.367157373000055)",Unfall 4152 (2023) Kat:2, Licht: 0,4152,2,7,0,10,17,5,,0,1,0,0,0
"POINT (9.716380077000053 52.382255000000043)",Unfall 4153 (2023) Kat:3, Licht: 2,4153,3,1,0,10,01,5,,2,0,0,0,0
"POINT (9.842793426000071 52.488137929000061)",Unfall 4154 (2023) Kat:3, Licht: 0,4154,3,2,4,10,09,5,,0,0,1,0,0
"POINT (9.782202277000067 52.372098050000034)",Unfall 4155 (2023) Kat:3, Licht: 0,4155,3,6,1,10,17,4,,0,0,1,0,0
"POINT (9.687178096000025 52.417402029000073)",Unfall 4156 (2023) Kat:3, Licht: 0,4156,3,3,5,10,07,4,,0,1,1,0,0
"POINT (9.673610128000064 52.365298006000046)",Unfall 4157 (2023) Kat:3, Licht: 2,4157,3,4,6,10,19,4,,2,0,1,1,0
"POINT (9.788524853000069 52.331129999000041)",Unfall 4158 (2023) Kat:3, Licht: 2,4158,3,3,5,10,06,4,,2,0,1,0,0
"POINT (9.740918245000046 52.380407302000037)",Unfall 4159 (2023) Kat:3, Licht: 0,4159,3,6,3,10,17,4,,0,0,1,0,0
"POINT (9.791506147000064 52.402870701000040)",Unfall 4160 (2023) Kat:3, Licht: 0,4160,3,2,2,10,15,4,,0,0,1,0,0
"POINT (9.447401966000029 52.426260877000061)",Unfall 4161 (2023) Kat:3, Licht: 2,4161,3,4,6,10,06,4,,2,1,0,1,0
"POINT (9.917914668000037 52.365487138000049)",Unfall 4162 (2023) Kat:3, Licht: 0,4162,3,3,5,10,13,4,,0,0,1,0,0
"POINT (9.754433921000043 52.395479413000032)",Unfall 4163 (2023) Kat:2, Licht: 0,4163,2,7,1,10,09,4,,0,1,1,0,0
"POINT (9.795770934000075 52.375455776000081)",Unfall 4164 (2023) Kat:2, Licht: 2,4164,2,7,0,10,06,3,,2,1,0,0,0
"POINT (9.728868831000057 52.347749836000048)",Unfall 4165 (2023) Kat:3, Licht: 0,4165,3,6,0,10,12,3,,0,0,0,0,1
"POINT (9.568124857000043 52.270658041000047)",Unfall 4166 (2023) Kat:3, Licht: 1,4166,3,7,0,10,18,3,,1,1,0,0,0
"POINT (9.756843949000029 52.364171958000043)",Unfall 4167 (2023) Kat:3, Licht: 1,4167,3,5,1,10,18,3,,1,1,1,0,0
"POINT (9.740871592000076 52.360786215000076)",Unfall 4168 (2023) Kat:3, Licht: 0,4168,3,6,2,10,16,3,,0,0,1,0,0
"POINT (9.739331855000046 52.394400721000068)",Unfall 4169 (2023) Kat:3, Licht: 1,4169,3,3,5,10,18,3,,1,0,1,0,1
"POINT (9.663709468000036 52.409720449000076)",Unfall 4170 (2023) Kat:3, Licht: 0,4170,3,3,5,10,17,3,,0,1,1,0,0