WKT,Name,OBJECTID,UKATEGORIE,UTYP1,UART,UMONAT,USTUNDE,UWOCHENTAG,STRZUSTAND,ULICHTVERH,ISTRAD,ISTPKW,ISTFUSS,ISTKRAD
"POINT (9.812664277000067 52.306132646000037)",Unfall 4171 (2023) Kat:3, Licht: 0,4171,3,2,5,10,12,2,,0,1,1,0,0
"POINT (9.672016432000021 52.354784979000044)",Unfall 4172 (2023) Kat:3, Licht: 0,4172,3,7,0,10,17,2,,0,0,0,0,1
"POINT (9.720571289000077 52.458663964000039)",Unfall 4173 (2023) Kat:3, Licht: 0,4173,3,2,5,10,14,2,,0,0,1,0,0
"POINT (9.705596598000056 52.407442104000040)",Unfall 4174 (2023) Kat:3, Licht: 0,4174,3,3,5,10,13,2,,0,0,1,0,0
"POINT (9.454223545000048 52.508288990000040)",Unfall 4175 (2023) Kat:2, Licht: 0,4175,2,1,0,10,09,2,,0,1,0,0,0
"POINT (9.744529882000052 52.395147012000052)",Unfall 4176 (2023) Kat:3, Licht: 0,4176,3,2,2,10,17,2,,0,0,1,0,0
"POINT (9.634915571000022 52.416595117000043)",Unfall 4177 (2023) Kat:3, Licht: 2,4177,3,3,5,10,06,2,,2,1,1,0,0
"POINT (9.691321252000023 52.396529953000027)",Unfall 4178 (2023) Kat:3, Licht: 1,4178,3,6,6,10,19,1,,1,0,1,1,0
"POINT (9.710666642000035 52.379491564000034)",Unfall 4179 (2023) Kat:3, Licht: 0,4179,3,1,0,10,10,4,,0,1,0,0,0
"POINT (9.728064699000072 52.399760877000062)",Unfall 4180 (2023) Kat:3, Licht: 0,4180,3,1,0,10,15,1,,0,1,0,0,0
"POINT (9.728551747000040 52.378076352000051)",Unfall 4181 (2023) Kat:3, Licht: 2,4181,3,1,0,10,01,1,,2,0,0,0,0
"POINT (9.742826019000063 52.440065548000064)",Unfall 4182 (2023) Kat:3, Licht: 0,4182,3,3,5,10,12,7,,0,1,1,0,0
"POINT (9.766075681000075 52.382007741000052)",Unfall 4183 (2023) Kat:3, Licht: 0,4183,3,2,0,10,15,7,,0,1,1,0,0
"POINT (9.642415175000053 52.400501610000049)",Unfall 4184 (2023) Kat:3, Licht: 0,4184,3,3,5,10,14,6,,0,1,0,0,0
"POINT (9.676265120000039 52.397390891000043)",Unfall 4185 (2023) Kat:3, Licht: 0,4185,3,3,5,10,16,3,,0,1,1,0,0
"POINT (9.727815668000062 52.342333553000060)",Unfall 4186 (2023) Kat:3, Licht: 0,4186,3,3,5,10,08,6,,0,0,1,0,0
"POINT (9.717303155000025 52.373142376000033)",Unfall 4187 (2023) Kat:3, Licht: 2,4187,3,6,4,10,22,6,,2,0,0,0,0
"POINT (9.804856439000048 52.409469086000058)",Unfall 4188 (2023) Kat:3, Licht: 0,4188,3,6,2,10,12,6,,0,0,1,0,0
"POINT (9.745708244000070 52.384365255000034)",Unfall 4189 (2023) Kat:3, Licht: 0,4189,3,5,1,10,14,6,,0,1,1,0,0
"POINT (9.458438380000075 52.384541951000074)",Unfall 4190 (2023) Kat:3, Licht: 0,4190,3,3,5,10,10,6,,0,1,1,0,0
"POINT (9.739924949000056 52.454004852000082)",Unfall 4191 (2023) Kat:3, Licht: 0,4191,3,5,0,10,14,6,,0,1,1,0,0
"POINT (10.009461024000075 52.446070722000059)",Unfall 4192 (2023) Kat:3, Licht: 0,4192,3,6,4,10,14,6,,0,1,0,0,0
"POINT (9.736058234000041 52.416320126000073)",Unfall 4193 (2023) Kat:3, Licht: 0,4193,3,2,5,10,15,6,,0,0,1,0,0
"POINT (9.708249188000025 52.373180511000044)",Unfall 4194 (2023) Kat:3, Licht: 2,4194,3,1,0,10,01,6,,2,0,0,0,0
"POINT (9.670339160000026 52.399522185000080)",Unfall 4195 (2023) Kat:3, Licht: 1,4195,3,2,3,10,19,5,,1,1,1,0,0
"POINT (9.678970440000057 52.416113848000066)",Unfall 4196 (2023) Kat:3, Licht: 0,4196,3,6,2,10,13,5,,0,0,1,0,1
"POINT (9.717983655000069 52.361943836000080)",Unfall 4197 (2023) Kat:3, Licht: 0,4197,3,7,0,10,10,5,,0,1,0,0,0
"POINT (9.797167569000067 52.418633537000062)",Unfall 4198 (2023) Kat:3, Licht: 2,4198,3,1,9,10,20,5,,2,0,1,0,0
"POINT (9.805161412000075 52.399541520000071)",Unfall 4199 (2023) Kat:3, Licht: 0,4199,3,2,5,10,11,5,,0,1,1,0,0
"POINT (9.428743331000021 52.423009064000041)",Unfall 4200 (2023) Kat:3, Licht: 0,4200,3,7,0,10,16,5,,0,1,0,0,0
"POINT (9.719263392000073 52.366123741000081)",Unfall 4201 (2023) Kat:3, Licht: 0,4201,3,2,5,10,11,5,,0,0,1,0,0
"POINT (9.753119218000052 52.387228921000030)",Unfall 4202 (2023) Kat:3, Licht: 2,4202,3,5,2,10,20,5,,2,0,1,0,0
"POINT (9.826640727000040 52.289603452000051)",Unfall 4203 (2023) Kat:2, Licht: 0,4203,2,3,5,10,17,5,,0,1,1,0,0
"POINT (9.707310038000060 52.382528474000026)",Unfall 4204 (2023) Kat:3, Licht: 0,4204,3,3,5,10,11,6,,0,1,0,0,0
"POINT (9.767474873000026 52.358035565000080)",Unfall 4205 (2023) Kat:3, Licht: 1,4205,3,2,5,10,18,4,,1,1,0,0,0
"POINT (9.653649104000067 52.411966354000072)",Unfall 4206 (2023) Kat:3, Licht: 0,4206,3,4,0,10,14,4,,0,0,0,1,1
"POINT (9.729762257000061 52.402312928000072)",Unfall 4207 (2023) Kat:3, Licht: 0,4207,3,1,0,10,07,4,,0,1,0,0,0
"POINT (9.729126671000074 52.382889581000029)",Unfall 4208 (2023) Kat:3, Licht: 2,4208,3,1,1,10,06,4,,2,1,1,0,0
"POINT (9.833333197000059 52.391767325000046)",Unfall 4209 (2023) Kat:3, Licht: 1,4209,3,6,2,10,18,4,,1,1,1,0,0
"POINT (9.964473151000050 52.364865735000080)",Unfall 4210 (2023) Kat:3, Licht: 0,4210,3,3,5,10,15,4,,0,1,1,0,0
"POINT (9.589825680000047 52.437540463000062)",Unfall 4211 (2023) Kat:2, Licht: 0,4211,2,7,0,10,12,4,,0,1,0,0,0
"POINT (9.792505667000057 52.326711255000077)",Unfall 4212 (2023) Kat:3, Licht: 0,4212,3,1,8,10,15,3,,0,0,0,0,1
"POINT (9.438818634000029 52.423946424000064)",Unfall 4213 (2023) Kat:3, Licht: 0,4213,3,1,0,10,17,3,,0,0,0,0,1
"POINT (9.741318419000038 52.394372268000041)",Unfall 4214 (2023) Kat:2, Licht: 0,4214,2,1,0,10,15,3,,0,1,0,0,0
"POINT (9.603436532000046 52.440227458000038)",Unfall 4215 (2023) Kat:3, Licht: 0,4215,3,3,5,10,16,6,,0,0,1,0,0
"POINT (9.807589642000039 52.379592714000069)",Unfall 4216 (2023) Kat:3, Licht: 0,4216,3,4,6,10,15,2,,0,0,1,1,0
"POINT (9.754888100000073 52.367468030000055)",Unfall 4217 (2023) Kat:3, Licht: 2,4217,3,7,0,10,20,2,,2,0,1,0,0
"POINT (9.666845478000027 52.353579753000076)",Unfall 4218 (2023) Kat:3, Licht: 0,4218,3,3,5,10,11,2,,0,0,1,0,0
"POINT (9.805878086000064 52.407509247000064)",Unfall 4219 (2023) Kat:3, Licht: 0,4219,3,3,5,10,15,2,,0,1,1,0,0
"POINT (9.774204025000074 52.373316445000057)",Unfall 4220 (2023) Kat:3, Licht: 2,4220,3,6,2,10,19,2,,2,0,1,0,0
"POINT (9.735016759000075 52.380244534000042)",Unfall 4221 (2023) Kat:3, Licht: 2,4221,3,3,5,10,22,2,,2,0,1,0,0
"POINT (9.734099864000029 52.454301573000066)",Unfall 4222 (2023) Kat:3, Licht: 0,4222,3,2,5,10,14,6,,0,0,1,0,0
"POINT (9.723759416000064 52.386586897000029)",Unfall 4223 (2023) Kat:3, Licht: 0,4223,3,5,1,10,12,1,,0,1,1,0,0
"POINT (9.733857037000064 52.376620938000030)",Unfall 4224 (2023) Kat:3, Licht: 2,4224,3,7,0,10,04,1,,2,0,0,0,0
"POINT (9.730798772000071 52.361894160000077)",Unfall 4225 (2023) Kat:3, Licht: 0,4225,3,6,2,10,15,1,,0,0,1,0,0
"POINT (9.743902753000043 52.379590577000045)",Unfall 4226 (2023) Kat:3, Licht: 0,4226,3,6,4,10,16,5,,0,1,0,0,0
"POINT (9.735314976000041 52.378769741000042)",Unfall 4227 (2023) Kat:3, Licht: 0,4227,3,1,0,10,11,2,,0,1,0,0,0
"POINT (9.724319095000055 52.385611311000048)",Unfall 4228 (2023) Kat:3, Licht: 0,4228,3,5,1,09,14,7,,0,1,1,0,0
"POINT (9.772491037000066 52.364805466000064)",Unfall 4229 (2023) Kat:3, Licht: 0,4229,3,6,2,09,15,7,,0,0,1,0,0
"POINT (9.726240463000067 52.373431028000027)",Unfall 4230 (2023) Kat:3, Licht: 0,4230,3,3,5,09,12,7,,0,1,1,0,0
"POINT (9.755272888000036 52.355574386000058)",Unfall 4231 (2023) Kat:3, Licht: 0,4231,3,7,0,09,08,6,,0,0,0,0,0
"POINT (9.686515383000028 52.401443688000029)",Unfall 4232 (2023) Kat:3, Licht: 0,4232,3,5,1,09,14,6,,0,1,1,0,0
"POINT (9.685930480000025 52.348922685000048)",Unfall 4233 (2023) Kat:3, Licht: 0,4233,3,7,0,09,13,6,,0,1,1,1,0
"POINT (9.723688958000025 52.387302551000062)",Unfall 4234 (2023) Kat:3, Licht: 0,4234,3,7,0,09,13,6,,0,0,0,0,0
"POINT (9.746578324000041 52.373370333000082)",Unfall 4235 (2023) Kat:3, Licht: 0,4235,3,6,2,09,14,6,,0,0,1,0,0
"POINT (9.532217436000053 52.201912605000075)",Unfall 4236 (2023) Kat:3, Licht: 2,4236,3,1,8,09,21,6,,2,0,1,0,0
"POINT (10.007080086000030 52.447915311000031)",Unfall 4237 (2023) Kat:3, Licht: 0,4237,3,3,5,09,13,6,,0,1,0,0,0
"POINT (9.730512281000074 52.374956558000065)",Unfall 4238 (2023) Kat:3, Licht: 2,4238,3,7,3,09,19,6,,2,0,1,0,0
"POINT (9.713859945000024 52.371295965000058)",Unfall 4239 (2023) Kat:3, Licht: 0,4239,3,2,3,09,14,6,,0,0,1,0,1
"POINT (9.601843832000043 52.441947702000050)",Unfall 4240 (2023) Kat:3, Licht: 0,4240,3,3,5,09,11,5,,0,1,1,0,0
"POINT (9.735148088000074 52.545182682000075)",Unfall 4241 (2023) Kat:3, Licht: 0,4241,3,7,0,09,14,5,,0,1,0,0,0
"POINT (9.779084311000076 52.339585039000042)",Unfall 4242 (2023) Kat:3, Licht: 1,4242,3,1,0,09,19,5,,1,1,0,0,0
"POINT (9.787148364000075 52.373576643000035)",Unfall 4243 (2023) Kat:3, Licht: 0,4243,3,4,6,09,15,5,,0,1,0,1,0
"POINT (9.825345522000021 52.285281023000039)",Unfall 4244 (2023) Kat:3, Licht: 0,4244,3,3,5,09,16,4,,0,1,1,0,0
"POINT (9.726621859000034 52.342634992000058)",Unfall 4245 (2023) Kat:3, Licht: 0,4245,3,3,5,09,16,4,,0,0,1,0,0
"POINT (9.724829016000058 52.371853543000043)",Unfall 4246 (2023) Kat:3, Licht: 0,4246,3,5,1,09,18,4,,0,1,1,0,0
"POINT (9.679247589000056 52.355716121000057)",Unfall 4247 (2023) Kat:3, Licht: 0,4247,3,1,0,09,08,4,,0,1,0,0,0
"POINT (9.791660360000037 52.402824762000080)",Unfall 4248 (2023) Kat:3, Licht: 0,4248,3,2,5,09,11,4,,0,1,0,0,0
"POINT (9.831156513000053 52.358636597000043)",Unfall 4249 (2023) Kat:3, Licht: 0,4249,3,6,6,09,16,4,,0,1,0,1,0
"POINT (9.640191756000036 52.396294757000078)",Unfall 4250 (2023) Kat:3, Licht: 0,4250,3,4,0,09,16,4,,0,1,0,1,0
"POINT (9.610946878000050 52.414619718000040)",Unfall 4251 (2023) Kat:3, Licht: 0,4251,3,2,2,09,14,4,,0,0,1,0,0
"POINT (9.723388118000059 52.429691573000071)",Unfall 4252 (2023) Kat:3, Licht: 0,4252,3,3,5,09,08,4,,0,0,1,0,1
"POINT (9.849666357000046 52.494771092000065)",Unfall 4253 (2023) Kat:3, Licht: 0,4253,3,4,6,09,15,4,,0,0,1,1,0
"POINT (9.714634906000072 52.377055660000053)",Unfall 4254 (2023) Kat:3, Licht: 0,4254,3,1,0,09,09,4,,0,1,0,0,0
"POINT (9.734790679000071 52.384319292000043)",Unfall 4255 (2023) Kat:3, Licht: 0,4255,3,5,2,09,12,7,,0,0,1,0,0
"POINT (9.718470641000067 52.392919944000027)",Unfall 4256 (2023) Kat:3, Licht: 2,4256,3,7,1,10,18,3,,2,1,1,0,0
"POINT (9.663072421000038 52.403279597000051)",Unfall 4257 (2023) Kat:3, Licht: 2,4257,3,6,6,09,22,3,,2,1,0,1,0
"POINT (9.651943404000065 52.414176375000068)",Unfall 4258 (2023) Kat:3, Licht: 0,4258,3,6,2,09,17,3,,0,0,1,0,0
"POINT (9.551646738000045 52.215849715000047)",Unfall 4259 (2023) Kat:2, Licht: 0,4259,2,7,0,09,16,3,,0,1,1,0,0
"POINT (9.554565085000036 52.209537158000046)",Unfall 4260 (2023) Kat:3, Licht: 0,4260,3,5,1,09,14,3,,0,0,1,0,0
"POINT (9.608374647000062 52.434233590000076)",Unfall 4261 (2023) Kat:3, Licht: 0,4261,3,5,1,09,18,3,,0,1,1,0,0
"POINT (9.906884561000027 52.372773024000026)",Unfall 4262 (2023) Kat:3, Licht: 0,4262,3,3,5,09,11,3,,0,0,1,0,0
"POINT (9.665921965000052 52.448297108000077)",Unfall 4263 (2023) Kat:3, Licht: 0,4263,3,7,1,09,09,3,,0,0,1,0,1
"POINT (9.761324505000061 52.374649906000059)",Unfall 4264 (2023) Kat:3, Licht: 0,4264,3,5,6,10,12,6,,0,0,0,1,0
"POINT (9.614330333000055 52.417725483000027)",Unfall 4265 (2023) Kat:2, Licht: 0,4265,2,6,2,09,13,3,,0,1,0,0,0
"POINT (9.597536889000025 52.420732505000046)",Unfall 4266 (2023) Kat:2, Licht: 0,4266,2,2,5,09,14,3,,0,1,1,0,0
"POINT (9.635717466000074 52.302560360000030)",Unfall 4267 (2023) Kat:2, Licht: 2,4267,2,7,0,09,05,3,,2,1,0,0,0
"POINT (9.862662913000065 52.490643284000043)",Unfall 4268 (2023) Kat:3, Licht: 0,4268,3,4,6,12,14,4,,0,0,1,1,0
"POINT (9.797373011000047 52.318818525000040)",Unfall 4269 (2023) Kat:3, Licht: 0,4269,3,3,5,12,14,4,,0,0,1,0,0
"POINT (9.744493431000024 52.374434241000074)",Unfall 4270 (2023) Kat:3, Licht: 1,4270,3,2,5,12,16,4,,1,0,1,0,0
"POINT (9.788981489000037 52.313130480000041)",Unfall 4271 (2023) Kat:3, Licht: 0,4271,3,2,5,12,10,3,,0,0,1,0,0
"POINT (9.742088466000041 52.375538948000042)",Unfall 4272 (2023) Kat:3, Licht: 0,4272,3,7,0,12,11,3,,0,1,0,0,0
"POINT (9.425929844000052 52.433490873000039)",Unfall 4273 (2023) Kat:3, Licht: 0,4273,3,4,6,12,07,3,,0,0,1,1,0
"POINT (9.613148598000066 52.437647844000026)",Unfall 4274 (2023) Kat:3, Licht: 0,4274,3,7,0,12,14,3,,0,1,0,0,0
"POINT (9.789328889000046 52.415338164000048)",Unfall 4275 (2023) Kat:3, Licht: 0,4275,3,2,3,12,08,3,,0,0,1,0,0
"POINT (9.703805030000069 52.328523148000045)",Unfall 4276 (2023) Kat:3, Licht: 2,4276,3,2,6,12,16,2,,2,0,1,1,0
"POINT (9.705988025000067 52.390489371000058)",Unfall 4277 (2023) Kat:3, Licht: 0,4277,3,7,0,12,15,2,,0,0,0,0,1
"POINT (9.725536624000028 52.377031784000053)",Unfall 4278 (2023) Kat:3, Licht: 1,4278,3,6,2,12,15,2,,1,0,1,0,0
"POINT (9.692885548000049 52.365149240000051)",Unfall 4279 (2023) Kat:3, Licht: 0,4279,3,6,2,12,10,2,,0,0,1,0,0
"POINT (9.752493893000064 52.411647356000060)",Unfall 4280 (2023) Kat:3, Licht: 2,4280,3,2,6,12,17,2,,2,0,1,1,0
"POINT (9.792249084000048 52.403021319000061)",Unfall 4281 (2023) Kat:3, Licht: 2,4281,3,6,2,12,06,2,,2,0,1,0,0
"POINT (9.776019849000022 52.396766535000040)",Unfall 4282 (2023) Kat:3, Licht: 0,4282,3,6,2,12,11,2,,0,0,1,0,0
"POINT (9.456684304000021 52.413286411000058)",Unfall 4283 (2023) Kat:3, Licht: 2,4283,3,3,5,12,16,2,,2,0,1,0,0
"POINT (9.463511989000040 52.510478543000033)",Unfall 4284 (2023) Kat:3, Licht: 2,4284,3,5,1,12,20,2,,2,0,1,0,0
"POINT (9.733726508000075 52.440388589000065)",Unfall 4285 (2023) Kat:3, Licht: 0,4285,3,3,5,12,10,2,,0,1,1,0,0
"POINT (9.743849126000043 52.411302305000049)",Unfall 4286 (2023) Kat:3, Licht: 2,4286,3,4,6,12,17,2,,2,0,1,1,0
"POINT (9.714501444000064 52.392976665000049)",Unfall 4287 (2023) Kat:3, Licht: 1,4287,3,2,5,12,07,2,,1,1,1,0,0
"POINT (9.683727435000037 52.345137951000027)",Unfall 4288 (2023) Kat:3, Licht: 1,4288,3,7,0,12,16,1,,1,1,0,0,0
"POINT (9.735465645000033 52.376743730000044)",Unfall 4289 (2023) Kat:3, Licht: 0,4289,3,6,2,12,13,1,,0,0,1,0,0
"POINT (9.961910188000047 52.389704729000073)",Unfall 4290 (2023) Kat:3, Licht: 2,4290,3,2,4,12,18,1,,2,0,1,0,0
"POINT (9.804753949000030 52.392267967000066)",Unfall 4291 (2023) Kat:3, Licht: 2,4291,3,7,8,12,05,1,,2,0,1,0,0
"POINT (9.739508652000040 52.376473930000031)",Unfall 4292 (2023) Kat:3, Licht: 2,4292,3,7,0,12,22,7,,2,1,0,0,0
"POINT (9.737684170000023 52.381805087000032)",Unfall 4293 (2023) Kat:3, Licht: 2,4293,3,6,2,12,18,7,,2,0,1,0,0
"POINT (9.668373480000071 52.363012302000072)",Unfall 4294 (2023) Kat:3, Licht: 0,4294,3,5,3,12,14,7,,0,1,1,0,0
"POINT (9.821209573000033 52.345415715000058)",Unfall 4295 (2023) Kat:3, Licht: 2,4295,3,4,6,12,20,7,,2,0,1,1,0
"POINT (9.794263875000070 52.326980360000050)",Unfall 4296 (2023) Kat:3, Licht: 0,4296,3,6,2,12,12,7,,0,0,1,0,0
"POINT (9.727866013000039 52.319348704000049)",Unfall 4297 (2023) Kat:3, Licht: 0,4297,3,6,6,12,11,7,,0,1,0,1,0
"POINT (9.761270313000068 52.369187059000069)",Unfall 4298 (2023) Kat:3, Licht: 2,4298,3,1,9,12,05,7,,2,0,1,0,0
"POINT (9.451341950000028 52.418950575000054)",Unfall 4299 (2023) Kat:3, Licht: 0,4299,3,3,5,12,08,6,,0,1,1,0,0
"POINT (9.620303948000071 52.439594164000027)",Unfall 4300 (2023) Kat:3, Licht: 0,4300,3,6,2,12,11,6,,0,0,1,0,0
"POINT (9.759574905000022 52.452499115000080)",Unfall 4301 (2023) Kat:3, Licht: 0,4301,3,6,2,12,15,5,,0,0,1,0,0
"POINT (9.799114845000076 52.416970939000066)",Unfall 4302 (2023) Kat:3, Licht: 2,4302,3,1,2,12,19,5,,2,0,1,0,0
"POINT (9.774716761000036 52.371461156000066)",Unfall 4303 (2023) Kat:3, Licht: 2,4303,3,6,2,12,15,4,,2,0,1,0,0
"POINT (9.720115301000021 52.391589103000058)",Unfall 4304 (2023) Kat:3, Licht: 2,4304,3,7,0,12,20,4,,2,0,0,0,1
"POINT (9.737757855000041 52.382091660000071)",Unfall 4305 (2023) Kat:3, Licht: 1,4305,3,6,2,12,07,4,,1,0,1,0,0
"POINT (9.683996296000032 52.412076875000082)",Unfall 4306 (2023) Kat:3, Licht: 2,4306,3,1,8,12,07,3,,2,0,1,0,0
"POINT (9.748750934000043 52.376078143000029)",Unfall 4307 (2023) Kat:3, Licht: 2,4307,3,2,5,12,21,3,,2,0,1,0,0
"POINT (9.618273660000057 52.428494617000069)",Unfall 4308 (2023) Kat:3, Licht: 2,4308,3,6,2,12,17,3,,2,0,1,0,0
"POINT (9.620310287000052 52.439771340000050)",Unfall 4309 (2023) Kat:3, Licht: 0,4309,3,3,5,12,10,3,,0,1,1,0,0
"POINT (9.717027455000050 52.333183880000036)",Unfall 4310 (2023) Kat:3, Licht: 2,4310,3,2,5,12,18,3,,2,1,1,0,0
"POINT (9.670208207000030 52.409161560000030)",Unfall 4311 (2023) Kat:3, Licht: 1,4311,3,4,6,12,07,3,,1,0,1,1,0
"POINT (9.741749037000034 52.375637650000044)",Unfall 4312 (2023) Kat:3, Licht: 1,4312,3,1,0,12,07,3,,1,1,0,0,0
"POINT (9.765247506000037 52.359861528000067)",Unfall 4313 (2023) Kat:3, Licht: 2,4313,3,6,2,12,16,2,,2,0,1,0,0
"POINT (9.798006649000058 52.412563011000032)",Unfall 4314 (2023) Kat:3, Licht: 0,4314,3,6,2,12,13,2,,0,0,1,0,0
"POINT (9.730641512000034 52.374964019000060)",Unfall 4315 (2023) Kat:3, Licht: 1,4315,3,7,0,12,15,2,,1,0,1,0,0
"POINT (9.701973974000055 52.327515610000034)",Unfall 4316 (2023) Kat:3, Licht: 2,4316,3,5,1,12,17,1,,2,0,1,0,0
"POINT (9.654865206000068 52.167138265000062)",Unfall 4317 (2023) Kat:3, Licht: 0,4317,3,4,6,12,14,1,,0,0,1,1,0
"POINT (9.659398296000063 52.446578784000053)",Unfall 4318 (2023) Kat:3, Licht: 2,4318,3,5,0,12,17,1,,2,1,0,0,0
"POINT (9.730634417000033 52.374885534000043)",Unfall 4319 (2023) Kat:3, Licht: 1,4319,3,7,3,12,15,7,,1,0,1,0,0
"POINT (9.750071294000065 52.432139883000048)",Unfall 4320 (2023) Kat:3, Licht: 2,4320,3,1,6,12,20,7,,2,0,1,1,0
"POINT (9.740628524000044 52.383388482000043)",Unfall 4321 (2023) Kat:2, Licht: 0,4321,2,3,5,12,10,7,,0,0,1,0,0
"POINT (9.720405425000024 52.391452746000027)",Unfall 4322 (2023) Kat:3, Licht: 2,4322,3,3,5,12,07,6,,2,1,0,0,0
"POINT (9.678644271000053 52.365780870000037)",Unfall 4323 (2023) Kat:3, Licht: 0,4323,3,2,2,12,12,6,,0,0,1,0,0
"POINT (9.814211038000053 52.331725962000064)",Unfall 4324 (2023) Kat:3, Licht: 0,4324,3,6,2,12,13,6,,0,0,1,0,0
"POINT (9.666987701000039 52.339537072000041)",Unfall 4325 (2023) Kat:3, Licht: 2,4325,3,5,3,12,23,6,,2,0,1,0,0
"POINT (9.698556517000043 52.368555577000052)",Unfall 4326 (2023) Kat:3, Licht: 0,4326,3,3,5,12,15,6,,0,1,1,0,0
"POINT (9.820095309000067 52.331218457000034)",Unfall 4327 (2023) Kat:3, Licht: 2,4327,3,1,8,12,04,6,,2,0,1,0,0
"POINT (9.734883800000034 52.380169848000037)",Unfall 4328 (2023) Kat:3, Licht: 0,4328,3,3,5,11,14,5,,0,1,1,0,0
"POINT (9.458592928000030 52.299508327000069)",Unfall 4329 (2023) Kat:3, Licht: 0,4329,3,2,5,11,08,5,,0,0,1,0,0
"POINT (9.592221770000037 52.416119822000041)",Unfall 4330 (2023) Kat:3, Licht: 0,4330,3,6,2,11,12,5,,0,0,1,0,0
"POINT (9.461518450000028 52.303869012000064)",Unfall 4331 (2023) Kat:2, Licht: 2,4331,2,6,6,11,18,5,,2,0,1,1,0
"POINT (9.858778555000072 52.361202728000080)",Unfall 4332 (2023) Kat:3, Licht: 0,4332,3,3,5,11,07,5,,0,1,1,0,0
"POINT (9.735242215000028 52.399316859000066)",Unfall 4333 (2023) Kat:3, Licht: 0,4333,3,6,2,11,10,4,,0,0,1,0,0
"POINT (9.750897893000058 52.375458677000040)",Unfall 4334 (2023) Kat:3, Licht: 1,4334,3,2,5,11,18,4,,1,0,1,0,0
"POINT (9.754759277000062 52.434911647000035)",Unfall 4335 (2023) Kat:3, Licht: 1,4335,3,2,5,11,15,4,,1,1,1,0,0
"POINT (9.797081717000026 52.392324408000036)",Unfall 4336 (2023) Kat:3, Licht: 1,4336,3,7,9,11,16,4,,1,0,1,0,0
"POINT (9.737529661000053 52.399126921000061)",Unfall 4337 (2023) Kat:2, Licht: 2,4337,2,3,5,11,23,3,,2,1,1,0,0
"POINT (9.719281962000025 52.366118369000048)",Unfall 4338 (2023) Kat:3, Licht: 0,4338,3,3,5,11,12,3,,0,1,0,0,0
"POINT (9.499373461000062 52.591230098000040)",Unfall 4339 (2023) Kat:3, Licht: 0,4339,3,1,0,11,10,5,,0,1,0,0,0
"POINT (9.715806210000039 52.344917246000080)",Unfall 4340 (2023) Kat:3, Licht: 2,4340,3,2,6,11,18,2,,2,0,1,1,0
"POINT (9.793111380000028 52.326421534000076)",Unfall 4341 (2023) Kat:3, Licht: 2,4341,3,1,8,11,21,2,,2,0,1,0,0
"POINT (9.787131973000044 52.333575235000069)",Unfall 4342 (2023) Kat:3, Licht: 0,4342,3,5,1,11,13,2,,0,0,1,0,0
"POINT (9.752590957000052 52.393411827000079)",Unfall 4343 (2023) Kat:3, Licht: 2,4343,3,7,0,11,17,2,,2,1,0,0,0
"POINT (10.100397599000075 52.387962380000033)",Unfall 4344 (2023) Kat:3, Licht: 2,4344,3,7,6,11,18,2,,2,0,1,1,0
"POINT (10.009458079000069 52.453225195000073)",Unfall 4345 (2023) Kat:3, Licht: 2,4345,3,5,1,11,18,2,,2,1,1,0,0
"POINT (9.803216699000075 52.396518062000041)",Unfall 4346 (2023) Kat:3, Licht: 1,4346,3,2,6,11,15,2,,1,0,1,1,0
"POINT (9.756883950000031 52.390931624000075)",Unfall 4347 (2023) Kat:3, Licht: 0,4347,3,6,2,11,14,2,,0,0,1,0,0
"POINT (9.758138013000064 52.359334079000064)",Unfall 4348 (2023) Kat:3, Licht: 2,4348,3,3,5,11,06,2,,2,1,1,0,0
"POINT (9.764738398000077 52.395764326000062)",Unfall 4349 (2023) Kat:3, Licht: 2,4349,3,1,0,11,20,1,,2,1,0,0,0
"POINT (9.721997972000054 52.378567642000064)",Unfall 4350 (2023) Kat:3, Licht: 1,4350,3,6,2,11,16,7,,1,0,1,0,0
"POINT (9.715025503000049 52.377169986000069)",Unfall 4351 (2023) Kat:3, Licht: 2,4351,3,7,0,11,01,7,,2,1,0,0,0
"POINT (9.742588681000029 52.379834272000039)",Unfall 4352 (2023) Kat:3, Licht: 2,4352,3,7,0,11,00,7,,2,0,1,0,0
"POINT (9.455809112000054 52.507275265000033)",Unfall 4353 (2023) Kat:3, Licht: 2,4353,3,3,5,11,19,7,,2,1,1,0,0
"POINT (9.729354625000042 52.374464432000082)",Unfall 4354 (2023) Kat:3, Licht: 2,4354,3,1,0,12,03,6,,2,0,0,0,0
"POINT (9.781753199000036 52.361044647000028)",Unfall 4355 (2023) Kat:3, Licht: 2,4355,3,6,2,11,16,6,,2,0,1,0,0
"POINT (9.693877856000029 52.352667331000077)",Unfall 4356 (2023) Kat:3, Licht: 0,4356,3,6,2,11,11,6,,0,0,1,0,0
"POINT (9.769735966000042 52.397134853000068)",Unfall 4357 (2023) Kat:3, Licht: 2,4357,3,2,5,11,21,6,,2,0,1,0,0
"POINT (10.025533402000065 52.445764029000031)",Unfall 4358 (2023) Kat:3, Licht: 2,4358,3,7,0,11,22,6,,2,1,0,0,0
"POINT (9.732742417000054 52.362123805000067)",Unfall 4359 (2023) Kat:3, Licht: 2,4359,3,4,6,11,19,6,,2,0,1,1,0