WKT,Name,OBJECTID,UKATEGORIE,UTYP1,UART,UMONAT,USTUNDE,UWOCHENTAG,STRZUSTAND,ULICHTVERH,ISTRAD,ISTPKW,ISTFUSS,ISTKRAD
"POINT (9.744189858000027 52.373077955000042)",Unfall 4360 (2023) Kat:3, Licht: 0,4360,3,1,0,11,14,6,,0,1,0,0,0
"POINT (9.756439537000063 52.341618191000066)",Unfall 4361 (2023) Kat:3, Licht: 2,4361,3,2,5,11,06,6,,2,1,1,0,0
"POINT (9.818824577000044 52.399984741000026)",Unfall 4362 (2023) Kat:3, Licht: 0,4362,3,6,2,11,13,5,,0,0,1,0,0
"POINT (9.734163575000025 52.381264985000030)",Unfall 4363 (2023) Kat:3, Licht: 1,4363,3,3,5,11,16,5,,1,0,1,0,0
"POINT (9.744233619000056 52.373330166000073)",Unfall 4364 (2023) Kat:3, Licht: 0,4364,3,5,1,11,12,5,,0,1,1,0,0
"POINT (9.590063833000045 52.390871613000058)",Unfall 4365 (2023) Kat:3, Licht: 2,4365,3,6,6,11,16,5,,2,0,1,1,0
"POINT (9.594849007000050 52.313712962000068)",Unfall 4366 (2023) Kat:3, Licht: 0,4366,3,3,5,11,13,5,,0,0,1,0,1
"POINT (9.742598052000062 52.449634398000057)",Unfall 4367 (2023) Kat:3, Licht: 2,4367,3,2,5,11,19,5,,2,0,1,0,1
"POINT (9.863028829000029 52.483171988000038)",Unfall 4368 (2023) Kat:3, Licht: 2,4368,3,6,2,11,06,5,,2,0,1,0,0
"POINT (9.705470856000034 52.370480703000055)",Unfall 4369 (2023) Kat:2, Licht: 0,4369,2,7,0,11,12,5,,0,1,0,0,0
"POINT (9.773419582000031 52.410273728000050)",Unfall 4370 (2023) Kat:3, Licht: 0,4370,3,3,5,11,08,5,,0,0,1,0,0
"POINT (9.703114936000077 52.342270455000062)",Unfall 4371 (2023) Kat:3, Licht: 0,4371,3,3,5,11,15,4,,0,1,1,0,0
"POINT (9.420216140000036 52.425138996000044)",Unfall 4372 (2023) Kat:3, Licht: 2,4372,3,3,5,11,16,4,,2,1,1,0,0
"POINT (9.726905416000022 52.439986055000077)",Unfall 4373 (2023) Kat:3, Licht: 0,4373,3,4,6,11,15,4,,0,0,1,1,0
"POINT (9.727174902000058 52.445135543000049)",Unfall 4374 (2023) Kat:3, Licht: 2,4374,3,2,2,11,06,4,,2,1,1,0,0
"POINT (9.356154308000043 52.455500319000066)",Unfall 4375 (2023) Kat:2, Licht: 2,4375,2,7,6,11,16,4,,2,0,1,1,0
"POINT (9.753242005000061 52.383419654000079)",Unfall 4376 (2023) Kat:3, Licht: 1,4376,3,3,0,11,15,4,,1,1,0,0,0
"POINT (9.772426075000055 52.348345877000042)",Unfall 4377 (2023) Kat:3, Licht: 2,4377,3,7,4,11,17,4,,2,0,1,0,0
"POINT (9.791749982000056 52.314938210000037)",Unfall 4378 (2023) Kat:3, Licht: 0,4378,3,5,1,11,11,3,,0,0,1,0,0
"POINT (9.714260514000046 52.404928420000033)",Unfall 4379 (2023) Kat:3, Licht: 0,4379,3,7,4,11,11,3,,0,0,1,0,0
"POINT (9.738793055000031 52.371263565000049)",Unfall 4380 (2023) Kat:3, Licht: 2,4380,3,2,3,11,18,3,,2,1,1,0,0
"POINT (9.594864026000039 52.312832419000074)",Unfall 4381 (2023) Kat:3, Licht: 2,4381,3,4,6,11,07,3,,2,0,1,1,0
"POINT (9.653871079000055 52.343477276000044)",Unfall 4382 (2023) Kat:3, Licht: 2,4382,3,4,6,11,18,3,,2,0,1,1,0
"POINT (9.739860325000052 52.440592871000035)",Unfall 4383 (2023) Kat:3, Licht: 0,4383,3,2,5,11,13,3,,0,0,1,0,1
"POINT (9.732437455000024 52.447318560000042)",Unfall 4384 (2023) Kat:3, Licht: 2,4384,3,6,0,11,06,3,,2,0,1,0,1
"POINT (10.008161082000072 52.446687164000082)",Unfall 4385 (2023) Kat:3, Licht: 2,4385,3,6,2,11,07,3,,2,0,1,0,0
"POINT (9.685026093000033 52.408468338000034)",Unfall 4386 (2023) Kat:3, Licht: 2,4386,3,7,6,11,18,3,,2,0,1,1,0
"POINT (9.762626133000026 52.368575707000048)",Unfall 4387 (2023) Kat:3, Licht: 1,4387,3,3,5,11,07,3,,1,1,1,0,0
"POINT (9.689352835000022 52.348653052000031)",Unfall 4388 (2023) Kat:3, Licht: 2,4388,3,2,6,11,06,3,,2,0,1,1,0
"POINT (9.474935320000043 52.299785844000041)",Unfall 4389 (2023) Kat:3, Licht: 1,4389,3,6,4,12,08,4,,1,1,1,0,0
"POINT (9.802041342000052 52.329080715000032)",Unfall 4390 (2023) Kat:3, Licht: 0,4390,3,6,4,11,11,2,,0,0,1,1,0
"POINT (9.711011501000030 52.393791167000074)",Unfall 4391 (2023) Kat:3, Licht: 2,4391,3,3,5,11,07,2,,2,0,1,0,0
"POINT (9.547811627000044 52.207265621000033)",Unfall 4392 (2023) Kat:3, Licht: 2,4392,3,3,5,11,17,4,,2,0,1,0,0
"POINT (9.745933555000022 52.354657041000053)",Unfall 4393 (2023) Kat:3, Licht: 0,4393,3,1,0,11,10,1,,0,1,0,0,0
"POINT (9.597472470000071 52.420744752000076)",Unfall 4394 (2023) Kat:3, Licht: 2,4394,3,4,6,11,17,1,,2,0,1,1,0
"POINT (9.836617970000077 52.359149646000049)",Unfall 4395 (2023) Kat:3, Licht: 2,4395,3,3,0,11,20,7,,2,0,1,0,1
"POINT (9.669471387000044 52.352403707000065)",Unfall 4396 (2023) Kat:1, Licht: 2,4396,1,4,6,11,18,7,,2,0,0,1,0
"POINT (9.713212582000040 52.371468120000031)",Unfall 4397 (2023) Kat:3, Licht: 2,4397,3,1,0,11,17,7,,2,1,0,0,0
"POINT (9.797168349000060 52.313360820000071)",Unfall 4398 (2023) Kat:3, Licht: 2,4398,3,6,3,11,17,6,,2,0,1,0,0
"POINT (9.741661880000038 52.383947918000047)",Unfall 4399 (2023) Kat:3, Licht: 2,4399,3,3,0,11,23,6,,2,0,1,0,0
"POINT (9.745385470000031 52.382209686000067)",Unfall 4400 (2023) Kat:3, Licht: 2,4400,3,6,4,11,18,6,,2,1,1,0,0
"POINT (9.728839060000041 52.329134923000026)",Unfall 4401 (2023) Kat:3, Licht: 0,4401,3,3,5,11,10,6,,0,1,1,0,0
"POINT (9.762886508000065 52.410286667000037)",Unfall 4402 (2023) Kat:3, Licht: 0,4402,3,1,0,11,10,6,,0,1,0,0,0
"POINT (9.807746425000062 52.379662507000035)",Unfall 4403 (2023) Kat:3, Licht: 0,4403,3,3,5,11,13,5,,0,0,1,0,0
"POINT (9.692706614000031 52.419035082000050)",Unfall 4404 (2023) Kat:3, Licht: 2,4404,3,7,0,11,19,5,,2,1,0,0,0
"POINT (9.740499448000037 52.369116675000043)",Unfall 4405 (2023) Kat:3, Licht: 0,4405,3,1,1,11,12,5,,0,1,1,0,0
"POINT (9.805706251000061 52.413193267000054)",Unfall 4406 (2023) Kat:3, Licht: 0,4406,3,2,3,11,12,5,,0,1,1,0,0
"POINT (9.801433525000050 52.402925787000072)",Unfall 4407 (2023) Kat:3, Licht: 0,4407,3,2,4,11,11,5,,0,0,1,0,0
"POINT (9.493997223000065 52.304920441000036)",Unfall 4408 (2023) Kat:3, Licht: 0,4408,3,7,4,11,12,5,,0,1,1,0,0
"POINT (9.589289722000046 52.418418456000040)",Unfall 4409 (2023) Kat:3, Licht: 2,4409,3,4,6,11,06,5,,2,0,1,1,0
"POINT (9.775148487000024 52.363486071000068)",Unfall 4410 (2023) Kat:3, Licht: 2,4410,3,7,3,11,17,5,,2,0,1,0,0
"POINT (9.782289979000041 52.398573813000041)",Unfall 4411 (2023) Kat:3, Licht: 2,4411,3,7,0,11,17,5,,2,1,0,0,0
"POINT (9.708743638000044 52.390197623000063)",Unfall 4412 (2023) Kat:3, Licht: 0,4412,3,5,1,11,08,5,,0,1,1,0,0
"POINT (9.743719386000066 52.384975247000057)",Unfall 4413 (2023) Kat:3, Licht: 2,4413,3,7,0,11,19,5,,2,1,0,0,0
"POINT (9.686820049000062 52.392592519000061)",Unfall 4414 (2023) Kat:3, Licht: 2,4414,3,2,5,11,06,4,,2,1,1,0,0
"POINT (9.713921060000075 52.342235815000038)",Unfall 4415 (2023) Kat:3, Licht: 2,4415,3,4,6,11,16,4,,2,0,1,1,0
"POINT (9.718846396000060 52.394408166000062)",Unfall 4416 (2023) Kat:3, Licht: 2,4416,3,7,1,11,17,4,,2,1,1,0,0
"POINT (9.732525166000073 52.379180583000050)",Unfall 4417 (2023) Kat:3, Licht: 0,4417,3,3,5,11,08,4,,0,0,0,0,0
"POINT (9.507957687000044 52.433259252000028)",Unfall 4418 (2023) Kat:3, Licht: 0,4418,3,7,5,11,11,4,,0,0,1,0,1
"POINT (9.744205002000058 52.373165241000038)",Unfall 4419 (2023) Kat:3, Licht: 0,4419,3,1,0,11,11,4,,0,1,0,0,0
"POINT (9.725622553000051 52.382110762000082)",Unfall 4420 (2023) Kat:3, Licht: 0,4420,3,5,3,11,10,4,,0,1,1,0,0
"POINT (9.745502512000030 52.385715203000075)",Unfall 4421 (2023) Kat:3, Licht: 0,4421,3,7,0,11,08,3,,0,0,0,1,1
"POINT (9.712184635000028 52.357065379000062)",Unfall 4422 (2023) Kat:3, Licht: 1,4422,3,3,5,11,16,5,,1,1,1,0,0
"POINT (9.778181589000042 52.362221329000079)",Unfall 4423 (2023) Kat:3, Licht: 2,4423,3,2,4,11,05,3,,2,1,1,0,0
"POINT (9.597618685000043 52.397051344000033)",Unfall 4424 (2023) Kat:3, Licht: 1,4424,3,4,0,11,07,3,,1,0,1,1,0
"POINT (9.864239152000039 52.488513969000053)",Unfall 4425 (2023) Kat:3, Licht: 0,4425,3,6,4,11,09,3,,0,1,0,0,0
"POINT (10.013429380000048 52.435335431000055)",Unfall 4426 (2023) Kat:3, Licht: 0,4426,3,4,0,11,14,3,,0,0,1,1,0
"POINT (9.748854241000060 52.396797099000082)",Unfall 4427 (2023) Kat:2, Licht: 0,4427,2,6,4,11,14,3,,0,1,0,0,0
"POINT (9.797634937000055 52.318208010000035)",Unfall 4428 (2023) Kat:3, Licht: 2,4428,3,4,6,11,18,3,,2,0,1,1,0
"POINT (9.753986249000036 52.368755874000044)",Unfall 4429 (2023) Kat:3, Licht: 0,4429,3,3,5,11,10,2,,0,0,1,0,0
"POINT (9.825583366000046 52.353078445000051)",Unfall 4430 (2023) Kat:3, Licht: 2,4430,3,7,0,11,17,2,,2,1,0,0,0
"POINT (9.737000349000027 52.394563241000071)",Unfall 4431 (2023) Kat:3, Licht: 2,4431,3,3,5,11,17,2,,2,0,1,0,0
"POINT (10.026175411000054 52.439851922000059)",Unfall 4432 (2023) Kat:3, Licht: 0,4432,3,3,5,11,08,2,,0,1,1,0,0
"POINT (9.736853830000030 52.404620928000043)",Unfall 4433 (2023) Kat:3, Licht: 2,4433,3,2,4,11,19,2,,2,0,1,0,1
"POINT (9.781494638000026 52.420964587000071)",Unfall 4434 (2023) Kat:3, Licht: 0,4434,3,3,0,11,07,2,,0,0,1,0,0
"POINT (9.689934906000076 52.396433883000043)",Unfall 4435 (2023) Kat:3, Licht: 0,4435,3,1,0,11,07,2,,0,1,0,0,0
"POINT (9.694567098000050 52.353086558000030)",Unfall 4436 (2023) Kat:3, Licht: 0,4436,3,7,2,11,14,1,,0,0,1,0,1
"POINT (9.706371124000043 52.371034081000062)",Unfall 4437 (2023) Kat:3, Licht: 2,4437,3,6,2,11,17,1,,2,0,1,0,0
"POINT (9.558473716000037 52.209777686000052)",Unfall 4438 (2023) Kat:3, Licht: 2,4438,3,2,6,11,19,6,,2,0,1,1,0
"POINT (9.781417402000045 52.361165607000032)",Unfall 4439 (2023) Kat:3, Licht: 2,4439,3,6,2,11,16,7,,2,0,1,0,0
"POINT (9.693100247000075 52.392370636000066)",Unfall 4440 (2023) Kat:3, Licht: 1,4440,3,6,2,11,15,7,,1,0,1,0,0
"POINT (9.730729555000039 52.378561263000051)",Unfall 4441 (2023) Kat:3, Licht: 2,4441,3,2,6,11,22,7,,2,0,1,1,0
"POINT (9.730675393000070 52.374919720000037)",Unfall 4442 (2023) Kat:3, Licht: 2,4442,3,7,3,11,19,7,,2,0,1,0,0
"POINT (9.736536355000055 52.401213353000060)",Unfall 4443 (2023) Kat:3, Licht: 0,4443,3,2,3,11,11,7,,0,1,1,0,0
"POINT (9.649173735000034 52.315979245000051)",Unfall 4444 (2023) Kat:3, Licht: 0,4444,3,7,6,11,09,7,,0,1,0,1,0
"POINT (9.606270902000063 52.416435750000062)",Unfall 4445 (2023) Kat:3, Licht: 0,4445,3,1,9,11,12,7,,0,0,1,0,0
"POINT (9.732663182000067 52.417760133000058)",Unfall 4446 (2023) Kat:2, Licht: 0,4446,2,1,0,11,12,6,,0,1,0,0,0
"POINT (9.744494193000037 52.377882526000064)",Unfall 4447 (2023) Kat:3, Licht: 2,4447,3,7,8,11,23,6,,2,1,0,0,0
"POINT (9.726387484000043 52.377295846000038)",Unfall 4448 (2023) Kat:3, Licht: 0,4448,3,6,2,11,12,6,,0,0,1,0,0
"POINT (9.737723589000041 52.372519554000064)",Unfall 4449 (2023) Kat:3, Licht: 0,4449,3,4,6,11,13,6,,0,0,1,1,0
"POINT (9.671762891000071 52.355731006000042)",Unfall 4450 (2023) Kat:3, Licht: 0,4450,3,5,0,11,16,6,,0,1,1,0,0
"POINT (9.680651775000058 52.371941909000043)",Unfall 4451 (2023) Kat:3, Licht: 0,4451,3,7,1,11,12,6,,0,0,1,0,1
"POINT (9.776011359000051 52.553217358000040)",Unfall 4452 (2023) Kat:3, Licht: 0,4452,3,6,2,11,09,6,,0,0,1,0,0
"POINT (9.973048326000026 52.380262786000060)",Unfall 4453 (2023) Kat:3, Licht: 0,4453,3,3,5,11,15,6,,0,0,1,0,0
"POINT (9.966534200000069 52.378531584000029)",Unfall 4454 (2023) Kat:2, Licht: 1,4454,2,2,5,11,07,6,,1,1,1,0,0
"POINT (9.727329854000061 52.439695783000047)",Unfall 4455 (2023) Kat:3, Licht: 0,4455,3,1,0,11,10,6,,0,1,0,0,0
"POINT (9.593727401000024 52.421019683000054)",Unfall 4456 (2023) Kat:2, Licht: 0,4456,2,4,6,11,13,6,,0,0,1,1,0
"POINT (9.754320006000057 52.402134718000070)",Unfall 4457 (2023) Kat:3, Licht: 0,4457,3,6,2,11,13,6,,0,0,1,0,0
"POINT (9.736926047000054 52.404603857000041)",Unfall 4458 (2023) Kat:3, Licht: 0,4458,3,3,5,11,12,6,,0,1,1,0,0
"POINT (9.694735670000057 52.419547969000064)",Unfall 4459 (2023) Kat:3, Licht: 1,4459,3,3,5,11,07,6,,1,1,1,0,0
"POINT (9.744191994000062 52.373090265000030)",Unfall 4460 (2023) Kat:3, Licht: 2,4460,3,7,0,11,17,5,,2,1,0,0,0
"POINT (9.769233366000037 52.288716822000026)",Unfall 4461 (2023) Kat:3, Licht: 1,4461,3,1,8,11,07,5,,1,1,0,0,0
"POINT (9.564951475000044 52.420641752000051)",Unfall 4462 (2023) Kat:3, Licht: 2,4462,3,3,5,11,17,5,,2,1,1,0,0
"POINT (9.617220173000021 52.424063959000080)",Unfall 4463 (2023) Kat:3, Licht: 2,4463,3,3,5,11,17,5,,2,1,1,0,0
"POINT (9.459381149000023 52.505402840000045)",Unfall 4464 (2023) Kat:2, Licht: 2,4464,2,6,4,11,18,5,,2,1,1,0,0
"POINT (9.752275701000030 52.392447185000037)",Unfall 4465 (2023) Kat:3, Licht: 0,4465,3,3,5,11,14,5,,0,1,0,0,0
"POINT (9.693727872000068 52.400976057000037)",Unfall 4466 (2023) Kat:3, Licht: 0,4466,3,3,5,11,13,4,,0,1,1,0,0
"POINT (9.714131815000030 52.337102901000037)",Unfall 4467 (2023) Kat:3, Licht: 2,4467,3,4,6,11,18,4,,2,0,1,1,0
"POINT (9.709661029000074 52.328959798000028)",Unfall 4468 (2023) Kat:3, Licht: 0,4468,3,3,5,11,08,4,,0,1,1,0,0
"POINT (9.743768064000051 52.386699541000041)",Unfall 4469 (2023) Kat:3, Licht: 0,4469,3,7,0,11,14,4,,0,1,0,0,0
"POINT (9.738512697000033 52.445422237000059)",Unfall 4470 (2023) Kat:3, Licht: 2,4470,3,2,5,11,22,4,,2,0,1,0,0
"POINT (9.736416904000066 52.441946615000063)",Unfall 4471 (2023) Kat:3, Licht: 0,4471,3,6,6,11,12,4,,0,1,0,1,0
"POINT (9.419390180000050 52.421096734000059)",Unfall 4472 (2023) Kat:3, Licht: 2,4472,3,6,6,11,17,5,,2,0,1,1,0
"POINT (9.762140292000026 52.363536356000054)",Unfall 4473 (2023) Kat:3, Licht: 1,4473,3,3,5,11,16,3,,1,1,1,0,0
"POINT (9.735449641000059 52.384507735000057)",Unfall 4474 (2023) Kat:3, Licht: 0,4474,3,3,5,11,14,3,,0,1,1,0,0
"POINT (9.611136158000022 52.430684001000031)",Unfall 4475 (2023) Kat:3, Licht: 1,4475,3,6,4,11,07,3,,1,1,0,0,0
"POINT (9.857993357000055 52.491824496000049)",Unfall 4476 (2023) Kat:3, Licht: 2,4476,3,2,6,11,18,3,,2,0,1,1,0
"POINT (9.747540063000031 52.373859765000077)",Unfall 4477 (2023) Kat:3, Licht: 2,4477,3,1,0,11,19,3,,2,1,0,0,0
"POINT (9.741006609000067 52.398816065000062)",Unfall 4478 (2023) Kat:3, Licht: 0,4478,3,3,5,11,15,3,,0,1,1,0,0
"POINT (9.757409435000056 52.392547720000039)",Unfall 4479 (2023) Kat:2, Licht: 0,4479,2,4,6,11,13,3,,0,1,0,1,0
"POINT (9.733748004000063 52.375490376000073)",Unfall 4480 (2023) Kat:3, Licht: 0,4480,3,7,1,11,17,2,,0,0,1,0,1
"POINT (9.970754044000046 52.374833417000048)",Unfall 4481 (2023) Kat:3, Licht: 0,4481,3,3,5,11,10,2,,0,0,1,0,0
"POINT (9.743746279000050 52.384944665000035)",Unfall 4482 (2023) Kat:3, Licht: 2,4482,3,2,5,11,20,2,,2,1,1,0,0
"POINT (9.693168046000039 52.367539832000034)",Unfall 4483 (2023) Kat:3, Licht: 0,4483,3,3,5,11,15,2,,0,1,1,0,0
"POINT (9.780299305000028 52.399805351000055)",Unfall 4484 (2023) Kat:2, Licht: 0,4484,2,1,0,11,12,2,,0,1,0,0,0
"POINT (9.784135816000060 52.319710585000053)",Unfall 4485 (2023) Kat:3, Licht: 0,4485,3,3,5,11,14,1,,0,1,1,0,0
"POINT (9.718308909000029 52.361950619000027)",Unfall 4486 (2023) Kat:3, Licht: 2,4486,3,6,2,11,17,1,,2,0,1,0,0
"POINT (9.725569647000043 52.386241338000048)",Unfall 4487 (2023) Kat:3, Licht: 1,4487,3,3,5,11,17,1,,1,1,1,0,0
"POINT (9.795915242000035 52.354600718000029)",Unfall 4488 (2023) Kat:3, Licht: 2,4488,3,6,2,11,16,1,,2,0,1,0,0
"POINT (9.743594625000071 52.357224904000077)",Unfall 4489 (2023) Kat:3, Licht: 0,4489,3,6,0,11,14,1,,0,0,1,0,1
"POINT (9.707053014000053 52.369680048000077)",Unfall 4490 (2023) Kat:3, Licht: 2,4490,3,7,0,11,18,7,,2,1,0,0,0
"POINT (9.781694620000053 52.400382770000078)",Unfall 4491 (2023) Kat:3, Licht: 2,4491,3,2,5,11,17,7,,2,1,1,0,0
"POINT (9.451073917000031 52.500398455000038)",Unfall 4492 (2023) Kat:3, Licht: 2,4492,3,5,1,11,19,7,,2,1,1,0,0
"POINT (9.707314482000072 52.391132051000056)",Unfall 4493 (2023) Kat:3, Licht: 0,4493,3,7,6,11,13,7,,0,0,1,1,0
"POINT (9.735059168000021 52.376659493000034)",Unfall 4494 (2023) Kat:3, Licht: 0,4494,3,1,0,11,09,7,,0,1,0,0,0
"POINT (9.596792128000061 52.313730691000046)",Unfall 4495 (2023) Kat:2, Licht: 2,4495,2,6,0,11,17,7,,2,0,1,1,0
"POINT (9.735080508000067 52.380282091000026)",Unfall 4496 (2023) Kat:3, Licht: 2,4496,3,2,6,11,18,6,,2,0,1,1,0
"POINT (9.691012136000040 52.333070906000046)",Unfall 4497 (2023) Kat:3, Licht: 0,4497,3,4,6,11,14,6,,0,0,0,1,0
"POINT (9.787395300000071 52.402936297000053)",Unfall 4498 (2023) Kat:3, Licht: 0,4498,3,6,3,11,12,6,,0,1,0,0,0
"POINT (9.740334107000024 52.361503353000046)",Unfall 4499 (2023) Kat:3, Licht: 2,4499,3,4,6,11,18,6,,2,0,1,1,0
"POINT (9.753602553000064 52.439748795000071)",Unfall 4500 (2023) Kat:3, Licht: 0,4500,3,3,5,11,07,5,,0,1,1,0,0
"POINT (10.026433422000025 52.442269564000071)",Unfall 4501 (2023) Kat:2, Licht: 0,4501,2,4,6,11,12,5,,0,0,1,1,0
"POINT (9.900269917000060 52.276593656000045)",Unfall 4502 (2023) Kat:3, Licht: 2,4502,3,1,0,12,19,1,,2,0,0,0,0
"POINT (9.434573654000076 52.417276357000048)",Unfall 4503 (2023) Kat:3, Licht: 1,4503,3,3,5,12,16,1,,1,0,1,0,1
"POINT (9.720488831000068 52.349313247000055)",Unfall 4504 (2023) Kat:3, Licht: 0,4504,3,7,0,12,08,7,,0,0,1,1,0
"POINT (9.855313732000070 52.436950521000028)",Unfall 4505 (2023) Kat:3, Licht: 0,4505,3,3,0,12,14,7,,0,1,1,0,0
"POINT (9.698066509000057 52.368463222000059)",Unfall 4506 (2023) Kat:2, Licht: 2,4506,2,5,1,12,02,7,,2,0,1,0,0
"POINT (9.808842586000026 52.347635945000036)",Unfall 4507 (2023) Kat:3, Licht: 0,4507,3,5,1,12,08,6,,0,1,1,0,0
"POINT (9.736337632000073 52.414054031000035)",Unfall 4508 (2023) Kat:3, Licht: 2,4508,3,5,1,12,17,5,,2,0,1,0,0
"POINT (9.429107463000037 52.423035973000026)",Unfall 4509 (2023) Kat:3, Licht: 1,4509,3,7,2,12,17,5,,1,1,1,0,0
"POINT (9.714451175000022 52.403866693000055)",Unfall 4510 (2023) Kat:3, Licht: 0,4510,3,6,3,12,15,5,,0,1,0,0,0
"POINT (9.828099902000076 52.416402575000063)",Unfall 4511 (2023) Kat:2, Licht: 0,4511,2,7,0,12,14,5,,0,0,1,0,0
"POINT (9.750709814000061 52.372648778000041)",Unfall 4512 (2023) Kat:3, Licht: 0,4512,3,7,0,12,10,5,,0,1,0,0,0
"POINT (9.738864990000025 52.374614968000060)",Unfall 4513 (2023) Kat:3, Licht: 0,4513,3,6,6,12,10,4,,0,0,1,1,0
"POINT (9.727534416000026 52.382366004000062)",Unfall 4514 (2023) Kat:3, Licht: 0,4514,3,3,5,12,09,4,,0,1,1,0,0
"POINT (9.732562819000066 52.362146485000039)",Unfall 4515 (2023) Kat:3, Licht: 0,4515,3,2,4,12,14,3,,0,0,1,0,0
"POINT (10.080937356000049 52.517966609000041)",Unfall 4516 (2023) Kat:3, Licht: 2,4516,3,1,8,12,06,3,,2,0,1,0,0
"POINT (9.798665417000052 52.392136227000037)",Unfall 4517 (2023) Kat:3, Licht: 2,4517,3,6,3,12,17,2,,2,0,1,0,0
"POINT (9.804964515000052 52.399497944000075)",Unfall 4518 (2023) Kat:3, Licht: 2,4518,3,1,9,12,04,2,,2,0,1,0,0
"POINT (9.738866826000049 52.363279494000039)",Unfall 4519 (2023) Kat:3, Licht: 2,4519,3,6,2,12,20,1,,2,0,1,0,0
"POINT (9.763460622000025 52.400672216000032)",Unfall 4520 (2023) Kat:3, Licht: 2,4520,3,3,5,12,15,7,,2,0,1,0,0
"POINT (9.730606614000067 52.378522620000069)",Unfall 4521 (2023) Kat:3, Licht: 2,4521,3,2,6,12,22,7,,2,0,1,1,0
"POINT (9.742878538000070 52.379269083000054)",Unfall 4522 (2023) Kat:3, Licht: 0,4522,3,4,6,12,12,7,,0,0,1,1,0
"POINT (9.755528900000058 52.357376460000069)",Unfall 4523 (2023) Kat:3, Licht: 0,4523,3,3,5,12,09,6,,0,1,1,0,0
"POINT (9.663935328000036 52.378022824000027)",Unfall 4524 (2023) Kat:3, Licht: 0,4524,3,3,5,12,08,6,,0,1,1,0,0
"POINT (9.670566121000036 52.367041171000039)",Unfall 4525 (2023) Kat:3, Licht: 2,4525,3,3,5,12,20,6,,2,0,1,0,0
"POINT (9.773334229000056 52.417115440000032)",Unfall 4526 (2023) Kat:3, Licht: 2,4526,3,1,0,12,19,6,,2,0,0,0,0
"POINT (9.743953368000064 52.390438985000060)",Unfall 4527 (2023) Kat:3, Licht: 0,4527,3,3,5,12,13,6,,0,0,1,0,0
"POINT (9.760349719000033 52.367646864000051)",Unfall 4528 (2023) Kat:3, Licht: 0,4528,3,7,6,12,09,5,,0,0,1,1,0
"POINT (9.736185346000070 52.378879121000068)",Unfall 4529 (2023) Kat:3, Licht: 0,4529,3,2,5,12,12,5,,0,0,1,1,0
"POINT (9.761999807000052 52.332998955000051)",Unfall 4530 (2023) Kat:3, Licht: 2,4530,3,1,6,12,16,5,,2,1,0,1,0
"POINT (9.739653862000068 52.381208097000069)",Unfall 4531 (2023) Kat:3, Licht: 2,4531,3,3,5,12,07,5,,2,1,1,0,0
"POINT (9.621336923000058 52.254576966000059)",Unfall 4532 (2023) Kat:2, Licht: 0,4532,2,7,6,12,12,5,,0,0,1,1,0
"POINT (9.765449068000066 52.375312712000039)",Unfall 4533 (2023) Kat:2, Licht: 1,4533,2,7,0,12,07,5,,1,0,0,0,0
"POINT (9.763811254000075 52.399215160000040)",Unfall 4534 (2023) Kat:3, Licht: 2,4534,3,3,5,12,18,5,,2,1,1,0,0
"POINT (9.798743482000077 52.385306588000049)",Unfall 4535 (2023) Kat:3, Licht: 0,4535,3,3,5,12,15,5,,0,1,1,0,0
"POINT (9.738877318000050 52.420967809000047)",Unfall 4536 (2023) Kat:3, Licht: 2,4536,3,3,5,12,17,4,,2,0,1,0,0
"POINT (9.449627402000033 52.308014619000062)",Unfall 4537 (2023) Kat:3, Licht: 2,4537,3,7,0,12,07,4,,2,0,0,1,0
"POINT (9.477770171000031 52.365178977000028)",Unfall 4538 (2023) Kat:3, Licht: 0,4538,3,6,6,12,15,4,,0,0,0,1,0
"POINT (9.724778773000025 52.368458147000069)",Unfall 4539 (2023) Kat:2, Licht: 0,4539,2,1,0,12,09,4,,0,1,0,0,0
"POINT (9.582469827000068 52.429711733000033)",Unfall 4540 (2023) Kat:3, Licht: 0,4540,3,6,2,12,13,5,,0,0,1,0,0
"POINT (9.668571524000072 52.414809656000045)",Unfall 4541 (2023) Kat:3, Licht: 0,4541,3,2,6,12,15,3,,0,0,1,1,0
"POINT (9.690577817000076 52.375556684000060)",Unfall 4542 (2023) Kat:3, Licht: 2,4542,3,3,5,12,21,3,,2,1,1,0,0
"POINT (9.751470481000069 52.410447809000061)",Unfall 4543 (2023) Kat:3, Licht: 1,4543,3,6,2,12,16,3,,1,0,1,0,0
"POINT (9.725040234000062 52.429167454000037)",Unfall 4544 (2023) Kat:3, Licht: 0,4544,3,7,0,12,13,3,,0,1,0,1,0
"POINT (9.781187933000069 52.361248265000029)",Unfall 4545 (2023) Kat:3, Licht: 2,4545,3,2,5,12,18,3,,2,1,1,0,0
"POINT (9.614307578000023 52.417711303000033)",Unfall 4546 (2023) Kat:2, Licht: 2,4546,2,4,6,12,16,3,,2,0,1,1,0
"POINT (9.707984922000037 52.412916686000074)",Unfall 4547 (2023) Kat:3, Licht: 2,4547,3,2,5,12,20,3,,2,1,1,0,0