WKT,Name,OBJECTID,UKATEGORIE,UTYP1,UART,UMONAT,USTUNDE,UWOCHENTAG,STRZUSTAND,ULICHTVERH,ISTRAD,ISTPKW,ISTFUSS,ISTKRAD
"POINT (9.798021973000061 52.392267879000030)",Unfall 4548 (2023) Kat:3, Licht: 2,4548,3,2,6,12,17,3,,2,0,1,1,0
"POINT (9.775080898000056 52.363517748000049)",Unfall 4549 (2023) Kat:3, Licht: 0,4549,3,2,5,12,14,3,,0,0,1,0,0
"POINT (9.746953488000031 52.384948997000038)",Unfall 4550 (2023) Kat:2, Licht: 0,4550,2,4,6,12,11,2,,0,1,0,1,0
"POINT (9.460540726000033 52.506660674000045)",Unfall 4551 (2023) Kat:3, Licht: 2,4551,3,2,6,12,18,2,,2,0,1,1,0
"POINT (9.740401324000061 52.376012489000061)",Unfall 4552 (2023) Kat:3, Licht: 0,4552,3,6,6,12,09,1,,0,1,0,1,0
"POINT (9.733628628000076 52.374729735000074)",Unfall 4553 (2023) Kat:3, Licht: 2,4553,3,7,6,12,22,7,,2,0,1,1,0
"POINT (9.729390808000062 52.316419076000045)",Unfall 4554 (2023) Kat:3, Licht: 2,4554,3,1,0,12,00,7,,2,1,0,0,0
"POINT (9.568376007000040 52.444016805000047)",Unfall 4555 (2023) Kat:3, Licht: 2,4555,3,3,5,12,21,7,,2,0,1,0,0
"POINT (9.733329063000042 52.392273747000047)",Unfall 4556 (2023) Kat:3, Licht: 2,4556,3,3,5,12,19,7,,2,0,1,0,0
"POINT (9.793011308000075 52.433079884000051)",Unfall 4557 (2023) Kat:3, Licht: 2,4557,3,6,2,12,01,7,,2,1,1,0,0
"POINT (9.764511521000031 52.368087427000034)",Unfall 4558 (2023) Kat:3, Licht: 0,4558,3,6,2,12,15,6,,0,0,1,0,0
"POINT (9.652158913000051 52.415285047000054)",Unfall 4559 (2023) Kat:3, Licht: 0,4559,3,2,5,12,14,6,,0,1,1,0,0
"POINT (9.735016759000075 52.380244534000042)",Unfall 4560 (2023) Kat:3, Licht: 0,4560,3,2,5,12,09,6,,0,0,1,0,0
"POINT (9.730508553000050 52.313762188000055)",Unfall 4561 (2023) Kat:3, Licht: 2,4561,3,6,6,12,18,6,,2,1,0,1,0
"POINT (9.588916576000031 52.428520301000049)",Unfall 4562 (2023) Kat:3, Licht: 2,4562,3,1,8,12,17,5,,2,0,1,0,0
"POINT (9.610368689000040 52.416229940000051)",Unfall 4563 (2023) Kat:3, Licht: 0,4563,3,2,5,12,14,5,,0,1,1,0,0
"POINT (9.656793549000042 52.407815131000064)",Unfall 4564 (2023) Kat:3, Licht: 2,4564,3,2,5,12,17,5,,2,0,1,0,0
"POINT (9.754726610000034 52.437917048000031)",Unfall 4565 (2023) Kat:3, Licht: 2,4565,3,2,2,12,17,5,,2,0,1,0,0
"POINT (9.754821267000068 52.365249777000031)",Unfall 4566 (2023) Kat:3, Licht: 0,4566,3,6,3,12,13,4,,0,1,0,0,0
"POINT (9.652708251000035 52.415578657000026)",Unfall 4567 (2023) Kat:3, Licht: 2,4567,3,3,5,12,06,4,,2,1,1,0,0
"POINT (9.715536968000038 52.400251849000028)",Unfall 4568 (2023) Kat:3, Licht: 2,4568,3,6,2,12,17,4,,2,0,1,0,0
"POINT (9.764047677000065 52.346542732000046)",Unfall 4569 (2023) Kat:3, Licht: 2,4569,3,3,5,12,17,4,,2,1,0,1,0
"POINT (9.558536253000057 52.209779581000078)",Unfall 4570 (2023) Kat:3, Licht: 2,4570,3,4,6,12,21,4,,2,0,1,1,0
"POINT (9.697279436000031 52.443704546000049)",Unfall 4571 (2023) Kat:3, Licht: 0,4571,3,3,5,12,11,4,,0,0,0,0,0
"POINT (10.109386493000045 52.377888097000039)",Unfall 4572 (2023) Kat:3, Licht: 2,4572,3,7,7,01,07,2,,2,1,0,0,0
"POINT (9.733993316000067 52.361312687000066)",Unfall 4573 (2023) Kat:3, Licht: 0,4573,3,7,0,01,14,3,,0,1,0,0,0
"POINT (9.128040344000055 52.533240707000061)",Unfall 4574 (2023) Kat:3, Licht: 0,4574,3,2,5,01,08,6,,0,1,1,0,0
"POINT (9.723209358000076 52.438480562000052)",Unfall 4575 (2023) Kat:3, Licht: 0,4575,3,7,0,02,11,3,,0,1,0,0,0
"POINT (9.719639346000065 52.369930014000033)",Unfall 4576 (2023) Kat:3, Licht: 0,4576,3,7,0,02,15,6,,0,1,0,0,0
"POINT (9.698065883000027 52.377748479000047)",Unfall 4577 (2023) Kat:3, Licht: 2,4577,3,7,0,02,00,7,,2,1,0,0,0
"POINT (9.571966133000046 52.274679292000030)",Unfall 4578 (2023) Kat:3, Licht: 2,4578,3,6,6,02,23,4,,2,1,0,1,0
"POINT (9.737000323000075 52.362792826000032)",Unfall 4579 (2023) Kat:3, Licht: 0,4579,3,5,1,03,13,6,,0,1,0,0,0
"POINT (9.636340775000065 52.417210961000080)",Unfall 4580 (2023) Kat:2, Licht: 0,4580,2,7,0,03,12,2,,0,1,0,0,0
"POINT (9.612051972000074 52.400919131000080)",Unfall 4581 (2023) Kat:3, Licht: 0,4581,3,6,3,03,13,4,,0,1,0,0,0
"POINT (9.810822744000063 52.279485366000074)",Unfall 4582 (2023) Kat:3, Licht: 0,4582,3,7,0,03,18,3,,0,1,0,0,0
"POINT (9.665730973000052 52.390751065000075)",Unfall 4583 (2023) Kat:3, Licht: 0,4583,3,7,0,03,07,5,,0,1,0,0,0
"POINT (9.742164389000038 52.397789146000036)",Unfall 4584 (2023) Kat:2, Licht: 0,4584,2,4,6,04,08,1,,0,1,0,1,0
"POINT (9.728953748000038 52.355934922000074)",Unfall 4585 (2023) Kat:3, Licht: 0,4585,3,7,0,04,17,2,,0,1,0,0,0
"POINT (9.688616659000047 52.340587464000066)",Unfall 4586 (2023) Kat:3, Licht: 0,4586,3,1,8,04,13,3,,0,1,0,0,0
"POINT (9.588057305000063 52.256012731000055)",Unfall 4587 (2023) Kat:3, Licht: 0,4587,3,7,0,04,14,1,,0,1,0,0,0
"POINT (9.741621779000070 52.375711466000041)",Unfall 4588 (2023) Kat:3, Licht: 0,4588,3,7,0,04,10,1,,0,1,0,0,0
"POINT (9.723359200000061 52.368512529000043)",Unfall 4589 (2023) Kat:3, Licht: 0,4589,3,7,0,04,08,2,,0,1,0,1,0
"POINT (9.802451728000051 52.340993421000064)",Unfall 4590 (2023) Kat:2, Licht: 0,4590,2,1,9,04,13,7,,0,1,0,0,0
"POINT (9.746046170000056 52.354200899000034)",Unfall 4591 (2023) Kat:3, Licht: 0,4591,3,7,6,04,18,1,,0,1,0,1,0
"POINT (9.999935275000041 52.356329778000031)",Unfall 4592 (2023) Kat:3, Licht: 0,4592,3,7,0,05,17,3,,0,1,0,0,0
"POINT (9.725751480000042 52.377294124000059)",Unfall 4593 (2023) Kat:3, Licht: 0,4593,3,6,3,05,12,5,,0,1,0,0,0
"POINT (9.796679825000069 52.405619281000043)",Unfall 4594 (2023) Kat:3, Licht: 0,4594,3,7,0,05,12,6,,0,1,0,0,0
"POINT (9.718362146000061 52.371497733000069)",Unfall 4595 (2023) Kat:3, Licht: 0,4595,3,4,6,05,19,7,,0,1,0,1,0
"POINT (9.745689011000024 52.339594685000066)",Unfall 4596 (2023) Kat:2, Licht: 0,4596,2,3,5,05,17,7,,0,1,0,0,0
"POINT (9.753712224000026 52.378154005000056)",Unfall 4597 (2023) Kat:3, Licht: 0,4597,3,1,8,05,16,2,,0,1,0,0,0
"POINT (9.769298158000026 52.350139453000054)",Unfall 4598 (2023) Kat:3, Licht: 0,4598,3,3,5,05,16,2,,0,1,0,0,0
"POINT (9.677170711000031 52.373308268000073)",Unfall 4599 (2023) Kat:3, Licht: 0,4599,3,7,7,05,08,3,,0,1,0,0,0
"POINT (9.711590795000063 52.384604251000042)",Unfall 4600 (2023) Kat:3, Licht: 0,4600,3,7,0,05,08,3,,0,1,0,0,0
"POINT (9.756369197000026 52.365545497000028)",Unfall 4601 (2023) Kat:3, Licht: 0,4601,3,3,5,05,11,3,,0,1,1,0,0
"POINT (9.741325189000065 52.307205643000032)",Unfall 4602 (2023) Kat:3, Licht: 0,4602,3,1,0,05,07,4,,0,1,0,0,0
"POINT (9.773581888000024 52.395724940000036)",Unfall 4603 (2023) Kat:3, Licht: 0,4603,3,1,0,05,07,5,,0,1,0,0,0
"POINT (10.119238825000025 52.429026901000043)",Unfall 4604 (2023) Kat:2, Licht: 0,4604,2,7,2,05,17,7,,0,1,0,0,0
"POINT (9.736195731000066 52.355037921000076)",Unfall 4605 (2023) Kat:2, Licht: 2,4605,2,7,0,05,22,5,,2,1,0,0,0
"POINT (9.782796537000024 52.390585420000036)",Unfall 4606 (2023) Kat:3, Licht: 0,4606,3,7,0,05,16,6,,0,1,0,0,0
"POINT (9.456056041000068 52.503572053000028)",Unfall 4607 (2023) Kat:3, Licht: 1,4607,3,1,0,05,06,1,,1,1,0,0,0
"POINT (9.709319470000025 52.378104854000071)",Unfall 4608 (2023) Kat:3, Licht: 0,4608,3,4,6,05,16,1,,0,1,0,1,0
"POINT (9.710768552000047 52.379828014000054)",Unfall 4609 (2023) Kat:3, Licht: 0,4609,3,6,4,05,16,1,,0,1,0,0,0
"POINT (9.844089909000047 52.296360598000035)",Unfall 4610 (2023) Kat:3, Licht: 0,4610,3,1,0,05,07,4,,0,1,0,0,0
"POINT (9.738244898000062 52.346863261000067)",Unfall 4611 (2023) Kat:3, Licht: 1,4611,3,6,3,05,22,5,,1,1,0,0,0
"POINT (9.673676776000036 52.387636217000079)",Unfall 4612 (2023) Kat:3, Licht: 0,4612,3,6,4,05,09,6,,0,1,0,0,0
"POINT (9.717298395000057 52.373409878000075)",Unfall 4613 (2023) Kat:3, Licht: 0,4613,3,1,2,05,19,6,,0,1,0,0,0
"POINT (9.717914545000042 52.372243486000059)",Unfall 4614 (2023) Kat:3, Licht: 0,4614,3,6,3,05,14,2,,0,1,0,0,0
"POINT (9.749596182000062 52.349721610000074)",Unfall 4615 (2023) Kat:2, Licht: 0,4615,2,3,5,05,13,3,,0,1,0,0,0
"POINT (9.761452354000028 52.392048626000076)",Unfall 4616 (2023) Kat:3, Licht: 0,4616,3,7,0,05,17,3,,0,1,0,0,0
"POINT (9.759015115000068 52.334859446000053)",Unfall 4617 (2023) Kat:3, Licht: 0,4617,3,6,4,05,17,3,,0,1,0,0,0
"POINT (9.739616084000033 52.353543553000065)",Unfall 4618 (2023) Kat:3, Licht: 0,4618,3,7,0,06,17,5,,0,1,0,0,0
"POINT (9.713119188000064 52.383601624000050)",Unfall 4619 (2023) Kat:3, Licht: 0,4619,3,6,4,06,19,7,,0,1,0,0,0
"POINT (10.006439262000072 52.428781059000073)",Unfall 4620 (2023) Kat:3, Licht: 0,4620,3,6,0,06,12,1,,0,1,0,0,0
"POINT (9.776100642000074 52.396432630000049)",Unfall 4621 (2023) Kat:3, Licht: 0,4621,3,1,0,06,13,2,,0,1,0,0,0
"POINT (9.761364894000053 52.400652411000067)",Unfall 4622 (2023) Kat:3, Licht: 0,4622,3,6,3,06,18,2,,0,1,0,0,0
"POINT (9.744547423000029 52.394744349000064)",Unfall 4623 (2023) Kat:3, Licht: 0,4623,3,6,3,06,17,2,,0,1,0,0,0
"POINT (9.797208971000032 52.400174835000030)",Unfall 4624 (2023) Kat:3, Licht: 0,4624,3,1,0,06,18,3,,0,1,0,0,0
"POINT (9.128040344000055 52.533240707000061)",Unfall 4625 (2023) Kat:3, Licht: 1,4625,3,7,6,06,20,4,,1,1,0,1,0
"POINT (9.726785243000052 52.313462057000038)",Unfall 4626 (2023) Kat:3, Licht: 0,4626,3,1,0,06,14,6,,0,1,0,0,0
"POINT (10.158979624000040 52.430889101000048)",Unfall 4627 (2023) Kat:3, Licht: 0,4627,3,6,0,06,13,1,,0,1,1,0,0
"POINT (9.710045395000066 52.379096434000076)",Unfall 4628 (2023) Kat:3, Licht: 0,4628,3,7,0,06,11,1,,0,1,0,0,0
"POINT (9.739626932000021 52.353528607000044)",Unfall 4629 (2023) Kat:3, Licht: 0,4629,3,3,5,06,15,2,,0,1,0,0,0
"POINT (9.659055615000057 52.216136182000071)",Unfall 4630 (2023) Kat:3, Licht: 1,4630,3,7,7,06,04,2,,1,1,0,0,0
"POINT (9.323821265000049 52.446945625000069)",Unfall 4631 (2023) Kat:3, Licht: 1,4631,3,7,0,06,22,3,,1,1,0,0,0
"POINT (9.706079396000064 52.389862651000044)",Unfall 4632 (2023) Kat:2, Licht: 0,4632,2,7,0,06,10,3,,0,1,0,0,0
"POINT (9.713609924000025 52.360947772000031)",Unfall 4633 (2023) Kat:3, Licht: 0,4633,3,2,3,06,16,4,,0,1,1,0,0
"POINT (9.747443940000039 52.338205426000059)",Unfall 4634 (2023) Kat:2, Licht: 0,4634,2,7,0,06,14,7,,0,1,0,0,0
"POINT (9.689449281000066 52.380480239000065)",Unfall 4635 (2023) Kat:3, Licht: 0,4635,3,6,4,06,16,7,,0,1,0,0,0
"POINT (9.738944295000067 52.354712595000080)",Unfall 4636 (2023) Kat:3, Licht: 0,4636,3,6,2,06,11,7,,0,1,0,0,0
"POINT (9.788864601000057 52.373378722000041)",Unfall 4637 (2023) Kat:3, Licht: 0,4637,3,3,5,06,19,7,,0,1,0,0,0
"POINT (9.957507840000062 52.294944886000053)",Unfall 4638 (2023) Kat:2, Licht: 0,4638,2,7,0,06,13,1,,0,1,0,0,0
"POINT (9.760879899000031 52.347380066000028)",Unfall 4639 (2023) Kat:3, Licht: 0,4639,3,1,0,06,18,1,,0,1,0,0,0
"POINT (9.649107866000065 52.412555732000044)",Unfall 4640 (2023) Kat:3, Licht: 0,4640,3,7,0,06,15,1,,0,1,0,0,0
"POINT (9.657121256000039 52.351441756000042)",Unfall 4641 (2023) Kat:2, Licht: 0,4641,2,1,0,06,18,4,,0,1,0,0,0
"POINT (9.729815082000073 52.369077442000048)",Unfall 4642 (2023) Kat:3, Licht: 0,4642,3,7,0,06,15,5,,0,1,0,0,0
"POINT (9.787636306000024 52.348303463000036)",Unfall 4643 (2023) Kat:3, Licht: 0,4643,3,7,0,06,00,6,,0,1,0,0,0
"POINT (9.811638608000067 52.403984894000075)",Unfall 4644 (2023) Kat:3, Licht: 0,4644,3,6,6,06,10,3,,0,1,0,1,0
"POINT (9.752054246000057 52.361635559000035)",Unfall 4645 (2023) Kat:3, Licht: 0,4645,3,1,7,06,15,3,,0,1,0,0,0
"POINT (10.006324005000067 52.455215407000026)",Unfall 4646 (2023) Kat:3, Licht: 0,4646,3,7,0,06,14,5,,0,1,0,0,0
"POINT (9.756967366000026 52.364783029000080)",Unfall 4647 (2023) Kat:3, Licht: 0,4647,3,6,3,06,09,5,,0,1,0,0,0
"POINT (9.761826899000027 52.332200242000056)",Unfall 4648 (2023) Kat:3, Licht: 0,4648,3,6,6,07,09,1,,0,1,0,1,0
"POINT (9.652918928000076 52.407344055000067)",Unfall 4649 (2023) Kat:3, Licht: 0,4649,3,7,0,07,18,1,,0,1,0,0,0
"POINT (9.836677654000027 52.344275466000056)",Unfall 4650 (2023) Kat:3, Licht: 0,4650,3,7,5,07,20,6,,0,1,0,0,0
"POINT (9.756975381000075 52.364772483000081)",Unfall 4651 (2023) Kat:3, Licht: 0,4651,3,2,5,07,09,6,,0,1,1,0,0
"POINT (9.996704460000046 52.437932961000058)",Unfall 4652 (2023) Kat:3, Licht: 0,4652,3,1,0,07,13,7,,0,1,0,0,0
"POINT (9.844503269000029 52.336019521000026)",Unfall 4653 (2023) Kat:3, Licht: 0,4653,3,1,0,07,19,7,,0,1,0,0,0
"POINT (9.717914545000042 52.372243486000059)",Unfall 4654 (2023) Kat:3, Licht: 1,4654,3,7,0,07,04,1,,1,1,0,0,0
"POINT (9.735207990000049 52.384102711000082)",Unfall 4655 (2023) Kat:3, Licht: 0,4655,3,1,0,07,18,2,,0,1,0,0,0
"POINT (9.428331629000070 52.425022265000052)",Unfall 4656 (2023) Kat:3, Licht: 0,4656,3,3,5,07,19,6,,0,1,0,0,0
"POINT (9.428331629000070 52.425022265000052)",Unfall 4657 (2023) Kat:3, Licht: 0,4657,3,3,5,07,19,6,,0,1,0,0,0
"POINT (9.709286315000043 52.378106332000073)",Unfall 4658 (2023) Kat:3, Licht: 0,4658,3,6,4,07,13,6,,0,1,0,0,0
"POINT (9.680989862000047 52.346054567000067)",Unfall 4659 (2023) Kat:3, Licht: 2,4659,3,7,0,07,22,4,,2,1,0,0,0
"POINT (9.821502285000065 52.383457572000054)",Unfall 4660 (2023) Kat:3, Licht: 0,4660,3,7,0,07,13,5,,0,1,0,1,0
"POINT (9.674681159000045 52.375810461000071)",Unfall 4661 (2023) Kat:3, Licht: 0,4661,3,7,0,07,17,7,,0,1,0,0,0
"POINT (9.598464509000053 52.425974733000032)",Unfall 4662 (2023) Kat:3, Licht: 1,4662,3,2,5,08,20,3,,1,1,1,0,0
"POINT (9.852572124000062 52.338973549000059)",Unfall 4663 (2023) Kat:3, Licht: 0,4663,3,7,0,08,09,6,,0,1,0,0,0
"POINT (9.820454812000037 52.514409220000061)",Unfall 4664 (2023) Kat:3, Licht: 0,4664,3,1,0,08,11,5,,0,1,0,0,0
"POINT (9.311667360000058 52.488125485000069)",Unfall 4665 (2023) Kat:2, Licht: 0,4665,2,7,0,08,15,6,,0,1,0,0,0
"POINT (9.748963717000038 52.390468243000043)",Unfall 4666 (2023) Kat:3, Licht: 0,4666,3,4,6,08,11,6,,0,1,1,1,0
"POINT (9.660852170000055 52.385394899000062)",Unfall 4667 (2023) Kat:3, Licht: 0,4667,3,7,0,08,13,6,,0,1,0,0,0
"POINT (9.713119188000064 52.383601624000050)",Unfall 4668 (2023) Kat:3, Licht: 0,4668,3,6,0,08,11,6,,0,1,0,0,0
"POINT (9.750032300000044 52.412470258000042)",Unfall 4669 (2023) Kat:3, Licht: 0,4669,3,1,0,08,20,1,,0,1,0,0,0
"POINT (9.973613574000069 52.476914932000057)",Unfall 4670 (2023) Kat:3, Licht: 0,4670,3,7,0,08,11,1,,0,1,0,0,0
"POINT (9.658273403000067 52.340167295000072)",Unfall 4671 (2023) Kat:3, Licht: 0,4671,3,1,0,08,16,2,,0,1,0,0,0
"POINT (9.762394359000041 52.370627212000045)",Unfall 4672 (2023) Kat:3, Licht: 0,4672,3,3,5,08,19,4,,0,1,1,0,0
"POINT (9.743462740000041 52.498484799000039)",Unfall 4673 (2023) Kat:3, Licht: 0,4673,3,3,5,08,14,6,,0,1,1,0,0
"POINT (9.504235575000052 52.255940478000070)",Unfall 4674 (2023) Kat:3, Licht: 0,4674,3,1,0,08,16,6,,0,1,0,0,0
"POINT (9.439361231000021 52.430116480000038)",Unfall 4675 (2023) Kat:3, Licht: 0,4675,3,1,0,08,10,6,,0,1,0,0,0
"POINT (9.737096751000024 52.349579267000081)",Unfall 4676 (2023) Kat:3, Licht: 2,4676,3,6,6,08,21,4,,2,1,0,1,0
"POINT (9.766704184000048 52.414339212000073)",Unfall 4677 (2023) Kat:3, Licht: 0,4677,3,7,0,08,12,4,,0,1,0,0,0
"POINT (9.760408428000062 52.382648571000061)",Unfall 4678 (2023) Kat:3, Licht: 0,4678,3,7,0,08,18,1,,0,1,0,1,0
"POINT (9.759628911000050 52.427611758000069)",Unfall 4679 (2023) Kat:3, Licht: 0,4679,3,1,0,08,10,2,,0,1,0,0,0
"POINT (10.016667209000047 52.446368276000044)",Unfall 4680 (2023) Kat:2, Licht: 0,4680,2,7,7,08,10,4,,0,1,0,0,0
"POINT (9.859348209000075 52.428834548000054)",Unfall 4681 (2023) Kat:3, Licht: 0,4681,3,3,5,08,11,5,,0,1,1,0,0
"POINT (9.779336819000036 52.358687135000082)",Unfall 4682 (2023) Kat:3, Licht: 0,4682,3,7,0,08,19,5,,0,1,0,1,0
"POINT (9.726251258000048 52.381966525000053)",Unfall 4683 (2023) Kat:3, Licht: 0,4683,3,7,7,09,13,6,,0,1,0,0,0
"POINT (9.777932597000074 52.354509959000040)",Unfall 4684 (2023) Kat:2, Licht: 0,4684,2,6,3,09,15,2,,0,1,0,0,0
"POINT (9.758890795000070 52.331720796000070)",Unfall 4685 (2023) Kat:3, Licht: 0,4685,3,7,0,09,18,3,,0,1,0,1,0
"POINT (9.739122263000070 52.363352031000034)",Unfall 4686 (2023) Kat:3, Licht: 0,4686,3,4,6,09,15,3,,0,1,0,1,0
"POINT (9.716957307000030 52.401669340000069)",Unfall 4687 (2023) Kat:3, Licht: 0,4687,3,7,6,09,07,4,,0,1,0,1,0
"POINT (9.340841600000033 52.449629485000060)",Unfall 4688 (2023) Kat:3, Licht: 0,4688,3,6,4,09,12,4,,0,1,0,0,0
"POINT (9.812925454000037 52.403764412000044)",Unfall 4689 (2023) Kat:3, Licht: 0,4689,3,7,6,09,14,4,,0,1,0,1,0
"POINT (9.805725575000054 52.404545851000080)",Unfall 4690 (2023) Kat:2, Licht: 0,4690,2,7,0,09,18,5,,0,1,0,0,0
"POINT (9.826947119000067 52.372414564000053)",Unfall 4691 (2023) Kat:3, Licht: 0,4691,3,6,3,09,16,5,,0,1,0,0,0
"POINT (9.751696509000055 52.374768740000036)",Unfall 4692 (2023) Kat:3, Licht: 0,4692,3,3,5,09,08,6,,0,1,1,0,0
"POINT (9.669914083000037 52.341252449000081)",Unfall 4693 (2023) Kat:3, Licht: 0,4693,3,7,6,09,13,7,,0,1,0,1,0
"POINT (9.796876530000077 52.373354255000038)",Unfall 4694 (2023) Kat:3, Licht: 0,4694,3,7,0,09,18,7,,0,1,0,0,0
"POINT (9.792238981000025 52.595995520000031)",Unfall 4695 (2023) Kat:3, Licht: 0,4695,3,6,0,09,10,1,,0,1,0,0,0
"POINT (9.699323546000073 52.372417972000051)",Unfall 4696 (2023) Kat:3, Licht: 2,4696,3,7,0,09,21,6,,2,1,0,0,0
"POINT (9.985171884000067 52.400285420000046)",Unfall 4697 (2023) Kat:3, Licht: 0,4697,3,6,3,09,10,7,,0,1,1,0,0
"POINT (9.714669520000029 52.375879490000045)",Unfall 4698 (2023) Kat:3, Licht: 0,4698,3,4,6,09,15,7,,0,1,0,1,0
"POINT (9.740100420000033 52.376035986000034)",Unfall 4699 (2023) Kat:3, Licht: 0,4699,3,4,6,09,17,5,,0,1,0,1,0
"POINT (9.569731970000021 52.435726284000054)",Unfall 4700 (2023) Kat:3, Licht: 0,4700,3,7,0,09,17,2,,0,1,0,0,0
"POINT (9.875286327000026 52.364504410000052)",Unfall 4701 (2023) Kat:3, Licht: 0,4701,3,1,0,09,16,2,,0,1,0,0,0
"POINT (9.841516490000060 52.336220764000075)",Unfall 4702 (2023) Kat:3, Licht: 0,4702,3,7,0,09,18,3,,0,1,0,1,0
"POINT (9.440329591000022 52.516372820000072)",Unfall 4703 (2023) Kat:3, Licht: 0,4703,3,1,0,09,17,4,,0,1,0,0,0
"POINT (9.431956050000053 52.413273210000057)",Unfall 4704 (2023) Kat:3, Licht: 0,4704,3,7,9,09,07,4,,0,1,0,0,0
"POINT (9.751270527000031 52.361656779000043)",Unfall 4705 (2023) Kat:3, Licht: 2,4705,3,1,9,09,23,4,,2,1,0,0,0
"POINT (9.738625069000022 52.345943328000033)",Unfall 4706 (2023) Kat:3, Licht: 0,4706,3,3,5,09,08,5,,0,1,0,0,0
"POINT (10.107071852000047 52.363914846000057)",Unfall 4707 (2023) Kat:3, Licht: 2,4707,3,7,8,09,23,6,,2,1,0,0,0
"POINT (9.493954618000032 52.571836297000061)",Unfall 4708 (2023) Kat:2, Licht: 0,4708,2,7,7,09,18,6,,0,1,0,0,0
"POINT (9.803717351000046 52.390882461000047)",Unfall 4709 (2023) Kat:3, Licht: 2,4709,3,7,0,09,00,7,,2,1,0,0,0
"POINT (9.708569454000042 52.378293413000051)",Unfall 4710 (2023) Kat:3, Licht: 0,4710,3,6,3,10,16,2,,0,1,0,0,0
"POINT (9.793269213000031 52.374800802000038)",Unfall 4711 (2023) Kat:3, Licht: 1,4711,3,2,5,10,17,4,,1,1,1,0,0
"POINT (9.695515957000055 52.377887062000070)",Unfall 4712 (2023) Kat:3, Licht: 0,4712,3,3,5,10,13,5,,0,1,0,0,0
"POINT (9.767742756000075 52.382631765000042)",Unfall 4713 (2023) Kat:3, Licht: 0,4713,3,2,4,10,09,6,,0,1,1,0,0
"POINT (9.732793968000067 52.247842817000048)",Unfall 4714 (2023) Kat:2, Licht: 0,4714,2,1,0,10,12,1,,0,1,0,0,0
"POINT (9.694453363000036 52.418382882000060)",Unfall 4715 (2023) Kat:3, Licht: 0,4715,3,3,5,10,14,2,,0,1,1,0,0
"POINT (9.713755883000033 52.383209159000046)",Unfall 4716 (2023) Kat:3, Licht: 2,4716,3,6,4,10,22,3,,2,1,0,0,0
"POINT (9.740895410000064 52.360444935000032)",Unfall 4717 (2023) Kat:3, Licht: 0,4717,3,6,6,10,16,4,,0,1,0,1,0
"POINT (9.774178714000072 52.353085640000074)",Unfall 4718 (2023) Kat:3, Licht: 2,4718,3,7,0,10,07,6,,2,1,0,0,0
"POINT (9.729004781000071 52.367368998000074)",Unfall 4719 (2023) Kat:3, Licht: 2,4719,3,1,4,10,15,3,,2,1,0,0,0
"POINT (9.746046170000056 52.354200899000034)",Unfall 4720 (2023) Kat:3, Licht: 2,4720,3,7,8,10,07,6,,2,1,0,0,0
"POINT (9.761244441000031 52.411216216000071)",Unfall 4721 (2023) Kat:3, Licht: 0,4721,3,1,0,10,10,7,,0,1,0,0,0
"POINT (9.724176165000074 52.400454437000064)",Unfall 4722 (2023) Kat:3, Licht: 1,4722,3,6,3,11,17,4,,1,1,0,0,0
"POINT (9.727685936000057 52.394660748000035)",Unfall 4723 (2023) Kat:3, Licht: 0,4723,3,6,4,11,10,7,,0,1,1,0,0
"POINT (9.791633728000022 52.402342876000034)",Unfall 4724 (2023) Kat:2, Licht: 0,4724,2,1,0,11,08,3,,0,1,0,0,0
"POINT (9.792282021000062 52.397049613000036)",Unfall 4725 (2023) Kat:3, Licht: 2,4725,3,2,0,11,18,3,,2,1,1,0,0
"POINT (9.714965435000067 52.378044365000051)",Unfall 4726 (2023) Kat:3, Licht: 2,4726,3,1,0,11,00,7,,2,1,0,0,0
"POINT (9.683038927000041 52.347752944000035)",Unfall 4727 (2023) Kat:3, Licht: 1,4727,3,6,4,11,07,3,,1,1,0,0,0
"POINT (9.742578694000031 52.373799088000055)",Unfall 4728 (2023) Kat:2, Licht: 0,4728,2,1,0,11,15,5,,0,1,0,0,0
"POINT (9.755091965000076 52.379117900000040)",Unfall 4729 (2023) Kat:3, Licht: 0,4729,3,1,0,11,15,6,,0,1,0,0,0
"POINT (10.085989447000031 52.391993185000047)",Unfall 4730 (2023) Kat:3, Licht: 2,4730,3,7,0,11,00,1,,2,1,0,0,0
"POINT (9.811898838000047 52.359839569000030)",Unfall 4731 (2023) Kat:3, Licht: 0,4731,3,3,5,11,13,6,,0,1,0,0,0
"POINT (9.665420774000040 52.412063314000079)",Unfall 4732 (2023) Kat:2, Licht: 0,4732,2,7,0,12,09,2,,0,1,0,0,0
"POINT (9.779255331000059 52.373192857000049)",Unfall 4733 (2023) Kat:3, Licht: 0,4733,3,1,0,12,09,2,,0,1,0,0,0
"POINT (9.779202331000022 52.358717286000058)",Unfall 4734 (2023) Kat:3, Licht: 0,4734,3,7,0,12,15,7,,0,1,0,0,0
"POINT (9.722105813000042 52.368206074000057)",Unfall 4735 (2023) Kat:3, Licht: 0,4735,3,2,3,12,14,7,,0,1,0,0,0
"POINT (9.846013793000054 52.369483769000055)",Unfall 4736 (2023) Kat:3, Licht: 2,4736,3,6,6,12,17,5,,2,1,0,1,0